Domain,Phylum,Class,Order,Family,Genus,Species,Name,ti,Run_mock__10eb-90gr-2,Run_mock__50eb-50gr-1,Run_mock__5eb-95gr-2,Run_mock__95eb-5gr-1,Run_mock__ec-Bl-Rp-Rm-Cn-2,Run_mock__vaio-Mock-10-4-1,Run_mock__vaio-Mock-10-4-2,Run_mock__vaio-Mock-10-5-1,Run_mock__vaio-Mock-10-6-3,Run_newprimers__vaio-Mock-Newprimer-4
Bacteria,Bacteroidetes,Bacteroidia,Marinilabiliales,Marinilabiliaceae,Alkalitalea,Alkalitalea saponilacus,Alkalitalea saponilacus,28,118148,83219,132417,44090,739,16827,16132,18532,20168,6646
Bacteria,Bacteroidetes,Bacteroidia,Marinilabiliales,Marinifilaceae,Labilibaculum,Labilibaculum antarcticum,Labilibaculum antarcticum,172,68,59,63,41,0,10,15,13,18,17
Bacteria,Bacteroidetes,Bacteroidia,Bacteroidales,Dysgonomonadaceae,Dysgonomonas,Dysgonomonas sp. HDW5A,Dysgonomonas sp. HDW5A,124,232,153,216,129,0,37,38,43,62,204
Bacteria,Bacteroidetes,Bacteroidia,Bacteroidales,Dysgonomonadaceae,Proteiniphilum,Proteiniphilum saccharofermentans,Proteiniphilum saccharofermentans,259,92,94,99,51,0,18,25,19,13,0
Bacteria,Bacteroidetes,Bacteroidia,Bacteroidales,Tenuifilaceae,Tenuifilum,Tenuifilum thalassicum,Tenuifilum thalassicum,331,234,214,265,165,19,66,92,83,111,40
Bacteria,Bacteroidetes,Bacteroidia,Bacteroidales,Bacteroidaceae,Bacteroides,Bacteroides ovatus,Bacteroides ovatus,48,135,218,0,180,0,0,0,0,0,0
Bacteria,Bacteroidetes,Bacteroidia,Bacteroidales,Muribaculaceae,Muribaculum,Muribaculum sp. TLL-A4,Muribaculum sp. TLL-A4,214,51,0,53,0,50,28,0,674,0,0
Bacteria,Bacteroidetes,Bacteroidia,Bacteroidales,Muribaculaceae,f_Muribaculaceae,Muribaculaceae bacterium DSM 108610,Muribaculaceae bacterium DSM 108610,212,20,54,17,62,0,0,24,76,20,0
Bacteria,Bacteroidetes,Bacteroidia,Bacteroidales,Rikenellaceae,Alistipes,Alistipes sp. dk3624,Alistipes sp. dk3624,27,73,121,95,126,0,38,35,36,50,0
Bacteria,Bacteroidetes,Bacteroidia,Bacteroidales,Rikenellaceae,Alistipes,Alistipes indistinctus,Alistipes indistinctus,26,22,37,45,34,0,0,0,0,0,0
Bacteria,Bacteroidetes,Bacteroidia,Bacteroidales,Barnesiellaceae,Barnesiella,Barnesiella viscericola,Barnesiella viscericola,49,79,80,77,55,0,0,28,26,38,0
Bacteria,Bacteroidetes,Bacteroidia,Bacteroidales,Porphyromonadaceae,Porphyromonas,Porphyromonas gingivalis,Porphyromonas gingivalis,258,16,0,18,16,0,0,0,0,0,0
Bacteria,Bacteroidetes,Bacteroidia,Bacteroidales,o_Bacteroidales,o_Bacteroidales,Bacteroidales bacterium CF,Bacteroidales bacterium CF,46,29,49,11,90,0,0,13,11,12,0
Bacteria,Bacteroidetes,Bacteroidia,Bacteroidales,Tannerellaceae,Parabacteroides,Parabacteroides distasonis,Parabacteroides distasonis,232,28,44,34,53,0,93,0,63,0,0
Bacteria,Bacteroidetes,Bacteroidia,Bacteroidales,o_Bacteroidales,Candidatus Azobacteroides,Candidatus Azobacteroides pseudotrichonymphae,Candidatus Azobacteroides pseudotrichonymphae,78,16,10,17,21,0,0,0,0,10,0
Bacteria,Bacteroidetes,Bacteroidia,Bacteroidales,Paludibacteraceae,Paludibacter,Paludibacter propionicigenes,Paludibacter propionicigenes,230,18,20,21,16,0,0,0,0,15,0
Bacteria,Bacteroidetes,Flavobacteriia,Flavobacteriales,Flavobacteriaceae,Winogradskyella,Winogradskyella sp. J14-2,Winogradskyella sp. J14-2,351,70,35,56,69,0,0,38,0,64,0
Bacteria,Bacteroidetes,Flavobacteriia,Flavobacteriales,Flavobacteriaceae,Flavobacterium,Flavobacterium sp. CJ74,Flavobacterium sp. CJ74,148,30,17,18,42,0,163,107,84,53,0
Bacteria,Bacteroidetes,Flavobacteriia,Flavobacteriales,Flavobacteriaceae,Formosa,Formosa sp. Hel1_31_208,Formosa sp. Hel1_31_208,152,67,32,68,70,0,0,0,0,0,0
Bacteria,Bacteroidetes,Flavobacteriia,Flavobacteriales,Flavobacteriaceae,Mariniflexile,Mariniflexile sp. TRM1-10,Mariniflexile sp. TRM1-10,196,49,17,35,49,0,0,0,0,0,0
Bacteria,Bacteroidetes,Flavobacteriia,Flavobacteriales,Flavobacteriaceae,Euzebyella,Euzebyella marina,Euzebyella marina,145,136,0,123,0,0,0,0,0,0,0
Bacteria,Bacteroidetes,Flavobacteriia,Flavobacteriales,Flavobacteriaceae,Tenacibaculum,Tenacibaculum jejuense,Tenacibaculum jejuense,330,13,12,0,26,0,0,0,0,0,0
Bacteria,Bacteroidetes,Cytophagia,Cytophagales,Hymenobacteraceae,Adhaeribacter,Adhaeribacter sp. KUDC8001,Adhaeribacter sp. KUDC8001,18,157,162,180,125,0,33,57,42,52,37
Bacteria,Bacteroidetes,Cytophagia,Cytophagales,Hymenobacteraceae,Adhaeribacter,Adhaeribacter swui,Adhaeribacter swui,19,17,19,34,21,0,0,0,0,0,0
Bacteria,Bacteroidetes,Cytophagia,Cytophagales,Cytophagaceae,Rhodocytophaga,Rhodocytophaga sp. 172606-1,Rhodocytophaga sp. 172606-1,283,89,86,113,57,0,18,17,13,25,15
Bacteria,Bacteroidetes,Chitinophagia,Chitinophagales,Chitinophagaceae,Chitinophaga,Chitinophaga pinensis,Chitinophaga pinensis,96,46,36,52,54,0,10,0,10,10,0
Bacteria,Bacteroidetes,Chitinophagia,Chitinophagales,Chitinophagaceae,Chitinophaga,Chitinophaga sp. XS-30,Chitinophaga sp. XS-30,97,16,12,0,10,0,0,0,0,0,0
Bacteria,Bacteroidetes,Chitinophagia,Chitinophagales,Chitinophagaceae,Arachidicoccus,Arachidicoccus sp. KIS59-12,Arachidicoccus sp. KIS59-12,39,26,51,32,51,0,0,18,0,13,0
Bacteria,Bacteroidetes,Sphingobacteriia,Sphingobacteriales,Sphingobacteriaceae,Solitalea,Solitalea canadensis,Solitalea canadensis,308,51,0,44,0,0,0,0,0,0,0
Bacteria,Proteobacteria,Betaproteobacteria,Burkholderiales,o_Burkholderiales,Rubrivivax,Rubrivivax gelatinosus,Rubrivivax gelatinosus,289,119,62,60,66,54,1014,735,177,122,0
Bacteria,Proteobacteria,Betaproteobacteria,Burkholderiales,Burkholderiaceae,Ralstonia,Ralstonia pickettii,Ralstonia pickettii,274,35,139,26,80,36842,11878,9860,15792,17025,5823
Bacteria,Proteobacteria,Gammaproteobacteria,Enterobacterales,Enterobacteriaceae,Escherichia,Escherichia coli,Escherichia coli,143,176,319,2260,1030,7997,2588,3371,2310,2493,705
Bacteria,Proteobacteria,Gammaproteobacteria,Enterobacterales,Enterobacteriaceae,Salmonella,Salmonella enterica,Salmonella enterica,293,2754,2309,0,3369,7490,3111,4192,3110,4159,892
Bacteria,Proteobacteria,Gammaproteobacteria,Enterobacterales,Enterobacteriaceae,Klebsiella,Klebsiella pneumoniae,Klebsiella pneumoniae,169,28,101,0,189,683,188,368,191,218,85
Bacteria,Proteobacteria,Gammaproteobacteria,Enterobacterales,Enterobacteriaceae,Enterobacter,Enterobacter hormaechei,Enterobacter hormaechei,133,22,0,0,17,269,74,105,70,88,25
Bacteria,Proteobacteria,Alphaproteobacteria,Rhizobiales,Hyphomicrobiaceae,Devosia,Devosia sp. I507,Devosia sp. I507,120,60,0,0,147,50,8643,8485,10861,11236,4045
Bacteria,Proteobacteria,Alphaproteobacteria,Rickettsiales,Rickettsiaceae,Candidatus Sneabacter,Candidatus Sneabacter namystus,Candidatus Sneabacter namystus,91,10,0,0,37,0,0,0,0,11,0
Bacteria,Proteobacteria,Deltaproteobacteria,Myxococcales,Sandaracinaceae,Sandaracinus,Sandaracinus amylolyticus,Sandaracinus amylolyticus,295,16,15,0,15,0,0,36,0,0,41
Eukaryota,Chordata,Mammalia,Primates,Hominidae,Homo,Homo sapiens,Homo sapiens,161,14,12,12,24,11,0,17,10,0,21
Bacteria,Bacteroidetes,Bacteroidia,Bacteroidales,Bacteroidaceae,Bacteroides,Bacteroides caccae,Bacteroides caccae,47,0,16,155,19,0,0,0,0,0,0
Bacteria,Bacteroidetes,Bacteroidia,Bacteroidales,Prevotellaceae,Alloprevotella,Alloprevotella sp. E39,Alloprevotella sp. E39,29,0,11,11,0,0,0,0,0,0,0
Bacteria,Bacteroidetes,Bacteroidia,Bacteroidales,Porphyromonadaceae,Porphyromonas,Porphyromonas cangingivalis,Porphyromonas cangingivalis,257,0,22,11,0,0,0,0,0,0,0
Bacteria,Bacteroidetes,Bacteroidia,Bacteroidales,Odoribacteraceae,Butyricimonas,Butyricimonas faecalis,Butyricimonas faecalis,77,0,34,0,37,0,0,0,0,0,0
Bacteria,Bacteroidetes,Flavobacteriia,Flavobacteriales,Flavobacteriaceae,Flavobacterium,Flavobacterium sp. Sr18,Flavobacterium sp. Sr18,151,0,33,29,0,0,0,0,0,0,0
Bacteria,Bacteroidetes,Flavobacteriia,Flavobacteriales,Flavobacteriaceae,Winogradskyella,Winogradskyella sp. HL857,Winogradskyella sp. HL857,350,0,293,0,0,0,0,0,0,0,0
Bacteria,Bacteroidetes,Flavobacteriia,Flavobacteriales,o_Flavobacteriales,Candidatus Sulcia,Candidatus Sulcia muelleri,Candidatus Sulcia muelleri,93,0,52,57,48,0,0,28,20,0,0
Bacteria,Bacteroidetes,Cytophagia,Cytophagales,Cytophagaceae,Allopseudarcicella,Allopseudarcicella aquatilis,Allopseudarcicella aquatilis,30,0,10,0,0,0,0,0,0,0,0
Bacteria,Bacteroidetes,Cytophagia,Cytophagales,Flammeovirgaceae,f_Flammeovirgaceae,Flammeovirgaceae bacterium 311,Flammeovirgaceae bacterium 311,146,0,17,0,0,0,0,0,0,0,0
Bacteria,Bacteroidetes,Sphingobacteriia,Sphingobacteriales,Sphingobacteriaceae,Anseongella,Anseongella ginsenosidimutans,Anseongella ginsenosidimutans,36,0,41,14,0,0,0,0,0,0,0
Bacteria,Bacteroidetes,Saprospiria,Saprospirales,Haliscomenobacteraceae,Haliscomenobacter,Haliscomenobacter hydrossis,Haliscomenobacter hydrossis,157,0,27,0,40,0,0,0,0,0,0
Bacteria,Firmicutes,Clostridia,Clostridiales,Eubacteriaceae,Acetobacterium,Acetobacterium woodii,Acetobacterium woodii,1,0,6030,0,16572,0,1013,1726,959,0,0
Bacteria,Firmicutes,Clostridia,Clostridiales,Lachnospiraceae,Lachnoclostridium,Lachnoclostridium phocaeense,Lachnoclostridium phocaeense,173,0,62,0,28,0,0,0,50,0,0
Bacteria,Firmicutes,Bacilli,Lactobacillales,Enterococcaceae,Enterococcus,Enterococcus faecalis,Enterococcus faecalis,136,0,142,0,412,0,0,45,0,0,0
Bacteria,Firmicutes,Bacilli,Lactobacillales,Carnobacteriaceae,Marinilactibacillus,Marinilactibacillus sp. 15R,Marinilactibacillus sp. 15R,197,0,12,0,45,0,0,0,0,0,11
Bacteria,Firmicutes,Bacilli,Bacillales,Staphylococcaceae,Staphylococcus,Staphylococcus epidermidis,Staphylococcus epidermidis,314,0,64,0,54,32,0,0,0,0,0
Bacteria,Actinobacteria,Actinobacteria,Corynebacteriales,Corynebacteriaceae,Corynebacterium,Corynebacterium pseudotuberculosis,Corynebacterium pseudotuberculosis,109,0,22,0,50,0,0,0,0,0,0
Bacteria,Proteobacteria,Gammaproteobacteria,Vibrionales,Vibrionaceae,Vibrio,Vibrio sp. THAF191d,Vibrio sp. THAF191d,346,0,252,0,385,68,47,38,60,91,51
Bacteria,Proteobacteria,Gammaproteobacteria,Chromatiales,Ectothiorhodospiraceae,f_Ectothiorhodospiraceae,Ectothiorhodospiraceae bacterium BW-2,Ectothiorhodospiraceae bacterium BW-2,125,0,13,0,35,12,13,0,11,0,11
Bacteria,Proteobacteria,Betaproteobacteria,Burkholderiales,Burkholderiaceae,Ralstonia,Ralstonia mannitolilytica,Ralstonia mannitolilytica,273,0,31,55,35,10302,8501,8561,9622,10756,3590
Bacteria,Proteobacteria,Betaproteobacteria,Burkholderiales,Burkholderiaceae,Cupriavidus,Cupriavidus malaysiensis,Cupriavidus malaysiensis,112,0,55,0,124,25633,5903,4728,6811,8004,2170
Bacteria,Proteobacteria,Betaproteobacteria,Burkholderiales,o_Burkholderiales,Sphaerotilus,Sphaerotilus natans,Sphaerotilus natans,309,0,31,0,32,0,41,15,0,0,0
Bacteria,Proteobacteria,Betaproteobacteria,Burkholderiales,Oxalobacteraceae,Massilia,Massilia sp. WG5,Massilia sp. WG5,198,0,18,0,61,39,27,39,0,33,0
Bacteria,Proteobacteria,Betaproteobacteria,Burkholderiales,o_Burkholderiales,o_Burkholderiales,Burkholderiales bacterium YL45,Burkholderiales bacterium YL45,76,0,12,0,0,22,11,16,163,19,0
Bacteria,Bacteroidetes,Bacteroidia,Bacteroidales,Odoribacteraceae,Odoribacter,Odoribacter splanchnicus,Odoribacter splanchnicus,224,0,0,16,0,0,0,0,18,0,0
Bacteria,Firmicutes,Clostridia,Clostridiales,Eubacteriaceae,Eubacterium,Eubacterium cellulosolvens,Eubacterium cellulosolvens,144,0,0,0,13,0,0,0,0,0,0
Bacteria,Firmicutes,Clostridia,Clostridiales,Clostridiaceae,Clostridium,Clostridium perfringens,Clostridium perfringens,103,0,0,0,47,0,0,0,0,0,0
Bacteria,Firmicutes,Clostridia,Clostridiales,Lachnospiraceae,Anaerobutyricum,Anaerobutyricum hallii,Anaerobutyricum hallii,34,0,0,0,39,0,0,0,0,0,0
Bacteria,Firmicutes,Clostridia,Clostridiales,o_Clostridiales,o_Clostridiales,Clostridiales bacterium,Clostridiales bacterium,100,0,0,0,129,0,0,0,0,0,0
Bacteria,Firmicutes,Bacilli,Bacillales,Staphylococcaceae,Staphylococcus,Staphylococcus pettenkoferi,Staphylococcus pettenkoferi,316,0,0,0,19,15,0,0,0,0,0
Bacteria,Firmicutes,Bacilli,Bacillales,Staphylococcaceae,Staphylococcus,Staphylococcus aureus,Staphylococcus aureus,313,0,0,0,347,851,0,0,0,0,0
Bacteria,Firmicutes,Bacilli,Bacillales,Bacillaceae,Bacillus,Bacillus anthracis,Bacillus anthracis,43,0,0,0,46,95,44,64,27,48,0
Bacteria,Firmicutes,Bacilli,Bacillales,Bacillaceae,Bacillus,Bacillus amyloliquefaciens,Bacillus amyloliquefaciens,42,0,0,0,22,0,0,0,0,0,0
Bacteria,Firmicutes,Bacilli,Bacillales,Paenibacillaceae,Paenibacillus,Paenibacillus mucilaginosus,Paenibacillus mucilaginosus,228,0,0,0,11,0,0,0,0,0,0
Bacteria,Firmicutes,Bacilli,Bacillales,Listeriaceae,Brochothrix,Brochothrix thermosphacta,Brochothrix thermosphacta,68,0,0,0,12,0,0,0,0,0,0
Bacteria,Firmicutes,Bacilli,Lactobacillales,Lactobacillaceae,Lactobacillus,Lactobacillus acidipiscis,Lactobacillus acidipiscis,174,0,0,0,28,0,0,0,0,0,0
Bacteria,Firmicutes,Bacilli,Lactobacillales,Lactobacillaceae,Lactobacillus,Lactobacillus paracasei,Lactobacillus paracasei,175,0,0,0,60,0,0,83,72,0,0
Bacteria,Firmicutes,Bacilli,Lactobacillales,Streptococcaceae,Streptococcus,Streptococcus pyogenes,Streptococcus pyogenes,323,0,0,0,31,19,22,43,28,24,0
Bacteria,Actinobacteria,Actinobacteria,Bifidobacteriales,Bifidobacteriaceae,Bifidobacterium,Bifidobacterium longum,Bifidobacterium longum,64,0,0,0,117,5573,1706,2075,2407,1968,522
Bacteria,Actinobacteria,Actinobacteria,Bifidobacteriales,Bifidobacteriaceae,Bifidobacterium,Bifidobacterium animalis,Bifidobacterium animalis,57,0,0,0,93,26483,4687,5021,5819,6189,4208
Bacteria,Actinobacteria,Actinobacteria,Micrococcales,o_Micrococcales,Tropheryma,Tropheryma whipplei,Tropheryma whipplei,338,0,0,0,11,0,0,0,0,0,0
Bacteria,Bacteroidetes,Bacteroidia,Bacteroidales,o_Bacteroidales,Phocaeicola,Phocaeicola vulgatus,Phocaeicola vulgatus,250,0,0,0,21,0,0,0,0,0,0
Bacteria,Bacteroidetes,Bacteroidia,Bacteroidales,o_Bacteroidales,Phocaeicola,Phocaeicola dorei,Phocaeicola dorei,248,0,0,0,21,0,0,0,0,0,0
Bacteria,Bacteroidetes,Chitinophagia,Chitinophagales,Chitinophagaceae,Arachidicoccus,Arachidicoccus sp. B3-10,Arachidicoccus sp. B3-10,38,0,0,0,13,0,0,0,0,0,0
Bacteria,Proteobacteria,Gammaproteobacteria,Enterobacterales,Enterobacteriaceae,Candidatus Purcelliella,Candidatus Purcelliella pentastirinorum,Candidatus Purcelliella pentastirinorum,90,0,0,0,18,0,0,0,0,0,0
Bacteria,Proteobacteria,Gammaproteobacteria,Pseudomonadales,Pseudomonadaceae,Pseudomonas,Pseudomonas balearica,Pseudomonas balearica,264,0,0,0,14,0,0,0,0,0,0
Bacteria,Proteobacteria,Gammaproteobacteria,Pseudomonadales,Pseudomonadaceae,Pseudomonas,Pseudomonas aeruginosa,Pseudomonas aeruginosa,263,0,0,0,96,625,578,617,275,319,238
Bacteria,Proteobacteria,Gammaproteobacteria,Pseudomonadales,Pseudomonadaceae,Pseudomonas,Pseudomonas litoralis,Pseudomonas litoralis,265,0,0,0,10,0,0,0,0,0,0
Bacteria,Proteobacteria,Gammaproteobacteria,Vibrionales,Vibrionaceae,Vibrio,Vibrio sp. THAF191c,Vibrio sp. THAF191c,345,0,0,0,144,526,168,232,141,154,29
Bacteria,Proteobacteria,Gammaproteobacteria,Cellvibrionales,Spongiibacteraceae,Oceanicoccus,Oceanicoccus sagamiensis,Oceanicoccus sagamiensis,223,0,0,0,53,0,0,0,0,0,0
Bacteria,Proteobacteria,Gammaproteobacteria,Pasteurellales,Pasteurellaceae,Aggregatibacter,Aggregatibacter actinomycetemcomitans,Aggregatibacter actinomycetemcomitans,23,0,0,0,26,0,0,0,0,0,0
Bacteria,Proteobacteria,Gammaproteobacteria,Pasteurellales,Pasteurellaceae,Haemophilus,Haemophilus influenzae,Haemophilus influenzae,156,0,0,0,16,0,0,0,0,0,0
Bacteria,Proteobacteria,Gammaproteobacteria,Pasteurellales,Pasteurellaceae,Pasteurella,Pasteurella multocida,Pasteurella multocida,244,0,0,0,26,68,0,49,0,0,0
Bacteria,Proteobacteria,Gammaproteobacteria,Thiotrichales,Piscirickettsiaceae,Thiomicrorhabdus,Thiomicrorhabdus indica,Thiomicrorhabdus indica,334,0,0,0,21,0,0,0,0,0,0
Bacteria,Proteobacteria,Gammaproteobacteria,Aeromonadales,Aeromonadaceae,Aeromonas,Aeromonas schubertii,Aeromonas schubertii,20,0,0,0,30,50,17,61,37,22,0
Bacteria,Proteobacteria,Gammaproteobacteria,Oceanospirillales,Saccharospirillaceae,Reinekea,Reinekea forsetii,Reinekea forsetii,277,0,0,0,12,0,0,0,0,0,0
Bacteria,Proteobacteria,Gammaproteobacteria,c_Gammaproteobacteria,c_Gammaproteobacteria,c_Gammaproteobacteria,endosymbiont of unidentified scaly snail isolate Monju,endosymbiont of unidentified scaly snail isolate Monju,130,0,0,0,10,0,0,0,0,0,0
Bacteria,Proteobacteria,Gammaproteobacteria,Acidiferrobacterales,Acidiferrobacteraceae,Acidiferrobacter,Acidiferrobacter sp. SPIII_3,Acidiferrobacter sp. SPIII_3,2,0,0,0,10,0,0,13,0,0,0
Bacteria,Proteobacteria,Betaproteobacteria,Burkholderiales,Burkholderiaceae,Lautropia,Lautropia mirabilis,Lautropia mirabilis,179,0,0,0,15,41,27,39,40,54,17
Bacteria,Proteobacteria,Betaproteobacteria,Neisseriales,Neisseriaceae,f_Neisseriaceae,Neisseriaceae bacterium DSM 100970,Neisseriaceae bacterium DSM 100970,217,0,0,0,21,69,81,108,100,108,45
Bacteria,Proteobacteria,Alphaproteobacteria,Rickettsiales,Anaplasmataceae,Ehrlichia,Ehrlichia ruminantium,Ehrlichia ruminantium,127,0,0,0,40,0,0,0,0,0,0
Bacteria,Proteobacteria,Alphaproteobacteria,Rhodospirillales,Rhodospirillaceae,Haematospirillum,Haematospirillum jordaniae,Haematospirillum jordaniae,155,0,0,0,38,0,12,13,0,0,0
Bacteria,Proteobacteria,Alphaproteobacteria,Sphingomonadales,Sphingomonadaceae,Sphingobium,Sphingobium sp. CAP-1,Sphingobium sp. CAP-1,310,0,0,0,83,0,0,0,0,0,0
Bacteria,Proteobacteria,Deltaproteobacteria,Desulfuromonadales,Geobacteraceae,Geoalkalibacter,Geoalkalibacter subterraneus,Geoalkalibacter subterraneus,154,0,0,0,17,0,0,0,0,0,0
Bacteria,Proteobacteria,Deltaproteobacteria,Desulfuromonadales,Desulfuromonadaceae,Pelobacter,Pelobacter carbinolicus,Pelobacter carbinolicus,247,0,0,0,11,0,0,0,0,0,0
Bacteria,Synergistetes,Synergistia,Synergistales,Synergistaceae,Aminomonas,Aminomonas paucivorans,Aminomonas paucivorans,33,0,0,0,12,31,0,23,0,0,18
Bacteria,Proteobacteria,Betaproteobacteria,Burkholderiales,Burkholderiaceae,Ralstonia,Ralstonia solanacearum,Ralstonia solanacearum,275,0,0,0,0,298,143,133,168,174,80
Bacteria,Proteobacteria,Betaproteobacteria,Burkholderiales,Burkholderiaceae,Cupriavidus,Cupriavidus taiwanensis,Cupriavidus taiwanensis,116,0,0,0,0,5395,1274,998,1182,1166,526
Bacteria,Proteobacteria,Betaproteobacteria,Burkholderiales,Burkholderiaceae,Cupriavidus,Cupriavidus oxalaticus,Cupriavidus oxalaticus,114,0,0,0,0,1023,181,152,238,214,92
Bacteria,Proteobacteria,Betaproteobacteria,Burkholderiales,Burkholderiaceae,Cupriavidus,Cupriavidus pinatubonensis,Cupriavidus pinatubonensis,115,0,0,0,0,518,82,62,127,128,49
Bacteria,Proteobacteria,Betaproteobacteria,Burkholderiales,Burkholderiaceae,Cupriavidus,Cupriavidus necator,Cupriavidus necator,113,0,0,0,0,250,61,81,89,68,17
Bacteria,Proteobacteria,Betaproteobacteria,Burkholderiales,Burkholderiaceae,Cupriavidus,Cupriavidus gilardii,Cupriavidus gilardii,111,0,0,0,0,98,31,16,31,34,0
Bacteria,Proteobacteria,Betaproteobacteria,Burkholderiales,Burkholderiaceae,Cupriavidus,Cupriavidus campinensis,Cupriavidus campinensis,110,0,0,0,0,83,0,0,0,0,0
Bacteria,Proteobacteria,Betaproteobacteria,Burkholderiales,Burkholderiaceae,Burkholderia,Burkholderia thailandensis,Burkholderia thailandensis,74,0,0,0,0,575,137,0,0,0,0
Bacteria,Proteobacteria,Betaproteobacteria,Burkholderiales,Burkholderiaceae,Burkholderia,Burkholderia pseudomallei,Burkholderia pseudomallei,73,0,0,0,0,85,27,70,49,77,0
Bacteria,Proteobacteria,Betaproteobacteria,Burkholderiales,Burkholderiaceae,Burkholderia,Burkholderia mallei,Burkholderia mallei,72,0,0,0,0,78,0,0,0,0,0
Bacteria,Proteobacteria,Betaproteobacteria,Burkholderiales,Burkholderiaceae,Polynucleobacter,Polynucleobacter necessarius,Polynucleobacter necessarius,255,0,0,0,0,86,34,33,24,43,0
Bacteria,Proteobacteria,Betaproteobacteria,Burkholderiales,Burkholderiaceae,Ephemeroptericola,Ephemeroptericola cinctiostellae,Ephemeroptericola cinctiostellae,139,0,0,0,0,53,27,26,30,30,0
Bacteria,Proteobacteria,Betaproteobacteria,Burkholderiales,Burkholderiaceae,Chitinimonas,Chitinimonas arctica,Chitinimonas arctica,95,0,0,0,0,25,11,13,11,17,0
Bacteria,Proteobacteria,Betaproteobacteria,Burkholderiales,Burkholderiaceae,Limnobacter,Limnobacter sp. SAORIC-580,Limnobacter sp. SAORIC-580,183,0,0,0,0,14,0,10,13,12,0
Bacteria,Proteobacteria,Betaproteobacteria,Burkholderiales,o_Burkholderiales,Thiomonas,Thiomonas sp. X19,Thiomonas sp. X19,336,0,0,0,0,104,28,45,46,50,25
Bacteria,Proteobacteria,Betaproteobacteria,Burkholderiales,o_Burkholderiales,Rhizobacter,Rhizobacter gummiphilus,Rhizobacter gummiphilus,278,0,0,0,0,15,0,0,16,0,0
Bacteria,Proteobacteria,Betaproteobacteria,Burkholderiales,Oxalobacteraceae,Noviherbaspirillum,Noviherbaspirillum sp. UKPF54,Noviherbaspirillum sp. UKPF54,220,0,0,0,0,28,21,13,22,33,0
Bacteria,Proteobacteria,Betaproteobacteria,Burkholderiales,Alcaligenaceae,Basilea,Basilea psittacipulmonis,Basilea psittacipulmonis,53,0,0,0,0,35,0,0,0,0,0
Bacteria,Proteobacteria,Betaproteobacteria,Burkholderiales,Comamonadaceae,Comamonas,Comamonas thiooxydans,Comamonas thiooxydans,107,0,0,0,0,28,0,0,0,0,0
Bacteria,Proteobacteria,Betaproteobacteria,Neisseriales,Neisseriaceae,Vitreoscilla,Vitreoscilla sp. C1,Vitreoscilla sp. C1,348,0,0,0,0,297,0,0,0,0,0
Bacteria,Proteobacteria,Betaproteobacteria,Neisseriales,Chromobacteriaceae,Laribacter,Laribacter hongkongensis,Laribacter hongkongensis,178,0,0,0,0,72,0,35,33,58,0
Bacteria,Proteobacteria,Betaproteobacteria,Nitrosomonadales,Thiobacillaceae,Sulfuritortus,Sulfuritortus calidifontis,Sulfuritortus calidifontis,327,0,0,0,0,46,0,0,0,0,0
Bacteria,Proteobacteria,Betaproteobacteria,Nitrosomonadales,Gallionellaceae,Gallionella,Gallionella capsiferriformans,Gallionella capsiferriformans,153,0,0,0,0,14,0,0,0,0,0
Bacteria,Proteobacteria,Gammaproteobacteria,Enterobacterales,Enterobacteriaceae,Escherichia,Escherichia albertii,Escherichia albertii,142,0,0,0,0,116,33,57,27,22,0
Bacteria,Proteobacteria,Gammaproteobacteria,Enterobacterales,Enterobacteriaceae,Salmonella,Salmonella bongori,Salmonella bongori,292,0,0,0,0,760,301,499,289,288,0
Bacteria,Proteobacteria,Gammaproteobacteria,Enterobacterales,Enterobacteriaceae,Salmonella,Salmonella sp. HNK130,Salmonella sp. HNK130,294,0,0,0,0,1642,0,0,0,0,0
Bacteria,Proteobacteria,Gammaproteobacteria,Enterobacterales,Enterobacteriaceae,Klebsiella,Klebsiella aerogenes,Klebsiella aerogenes,166,0,0,0,0,76,19,26,15,15,0
Bacteria,Proteobacteria,Gammaproteobacteria,Enterobacterales,Enterobacteriaceae,Klebsiella,Klebsiella variicola,Klebsiella variicola,170,0,0,0,0,34,0,12,0,0,0
Bacteria,Proteobacteria,Gammaproteobacteria,Enterobacterales,Enterobacteriaceae,Klebsiella,Klebsiella michiganensis,Klebsiella michiganensis,168,0,0,0,0,11,0,0,0,0,0
Bacteria,Proteobacteria,Gammaproteobacteria,Enterobacterales,Enterobacteriaceae,Shigella,Shigella flexneri,Shigella flexneri,303,0,0,0,0,848,203,331,265,264,55
Bacteria,Proteobacteria,Gammaproteobacteria,Enterobacterales,Enterobacteriaceae,Shigella,Shigella boydii,Shigella boydii,302,0,0,0,0,21,0,0,0,0,0
Bacteria,Proteobacteria,Gammaproteobacteria,Enterobacterales,Enterobacteriaceae,Enterobacter,Enterobacter cloacae,Enterobacter cloacae,131,0,0,0,0,35,0,0,0,0,0
Bacteria,Proteobacteria,Gammaproteobacteria,Enterobacterales,Enterobacteriaceae,Enterobacter,Enterobacter ludwigii,Enterobacter ludwigii,134,0,0,0,0,34,11,19,0,10,0
Bacteria,Proteobacteria,Gammaproteobacteria,Enterobacterales,Enterobacteriaceae,Enterobacter,Enterobacter cloacae complex sp.,Enterobacter cloacae complex sp.,132,0,0,0,0,22,0,0,14,10,0
Bacteria,Proteobacteria,Gammaproteobacteria,Enterobacterales,Enterobacteriaceae,f_Enterobacteriaceae,secondary endosymbiont of Heteropsylla cubana,secondary endosymbiont of Heteropsylla cubana,298,0,0,0,0,76,29,49,22,14,0
Bacteria,Proteobacteria,Gammaproteobacteria,Enterobacterales,Enterobacteriaceae,f_Enterobacteriaceae,secondary endosymbiont of Ctenarytaina eucalypti,secondary endosymbiont of Ctenarytaina eucalypti,297,0,0,0,0,29,12,15,12,13,0
Bacteria,Proteobacteria,Gammaproteobacteria,Enterobacterales,Enterobacteriaceae,Candidatus Blochmannia,Blochmannia endosymbiont of Polyrhachis (Hedomyrma) turneri,Blochmannia endosymbiont of Polyrhachis (Hedomyrma) turneri,66,0,0,0,0,59,27,25,27,30,0
Bacteria,Proteobacteria,Gammaproteobacteria,Enterobacterales,Enterobacteriaceae,f_Enterobacteriaceae,Plautia stali symbiont,Plautia stali symbiont,253,0,0,0,0,86,27,37,38,35,0
Bacteria,Proteobacteria,Gammaproteobacteria,Enterobacterales,Enterobacteriaceae,f_Enterobacteriaceae,Enterobacteriaceae endosymbiont of Plateumaris braccata,Enterobacteriaceae endosymbiont of Plateumaris braccata,135,0,0,0,0,78,24,55,20,27,0
Bacteria,Proteobacteria,Gammaproteobacteria,Enterobacterales,Enterobacteriaceae,Citrobacter,Citrobacter amalonaticus,Citrobacter amalonaticus,98,0,0,0,0,20,0,0,0,0,0
Bacteria,Proteobacteria,Gammaproteobacteria,Enterobacterales,Enterobacteriaceae,Citrobacter,Citrobacter rodentium,Citrobacter rodentium,99,0,0,0,0,15,0,0,0,0,0
Bacteria,Proteobacteria,Gammaproteobacteria,Enterobacterales,Enterobacteriaceae,Izhakiella,Izhakiella sp. KSNA2,Izhakiella sp. KSNA2,164,0,0,0,0,34,14,27,12,14,10
Bacteria,Proteobacteria,Gammaproteobacteria,Enterobacterales,Enterobacteriaceae,Candidatus Ishikawaella,Candidatus Ishikawaella capsulata,Candidatus Ishikawaella capsulata,82,0,0,0,0,27,0,16,12,0,0
Bacteria,Proteobacteria,Gammaproteobacteria,Enterobacterales,Enterobacteriaceae,Raoultella,Raoultella ornithinolytica,Raoultella ornithinolytica,276,0,0,0,0,28,0,12,0,0,0
Bacteria,Proteobacteria,Gammaproteobacteria,Enterobacterales,Enterobacteriaceae,Kosakonia,Kosakonia cowanii,Kosakonia cowanii,171,0,0,0,0,19,0,0,0,0,0
Bacteria,Proteobacteria,Gammaproteobacteria,Enterobacterales,Enterobacteriaceae,Candidatus Moranella,Candidatus Moranella endobia,Candidatus Moranella endobia,86,0,0,0,0,10,0,17,0,0,0
Bacteria,Proteobacteria,Gammaproteobacteria,Enterobacterales,Enterobacteriaceae,Scandinavium,Scandinavium goeteborgense,Scandinavium goeteborgense,296,0,0,0,0,10,0,0,0,0,0
Bacteria,Proteobacteria,Gammaproteobacteria,Enterobacterales,Pectobacteriaceae,Dickeya,Dickeya chrysanthemi,Dickeya chrysanthemi,122,0,0,0,0,318,90,148,99,110,0
Bacteria,Proteobacteria,Gammaproteobacteria,Enterobacterales,Pectobacteriaceae,Sodalis,Candidatus Sodalis pierantonius,Candidatus Sodalis pierantonius,92,0,0,0,0,73,38,35,36,23,0
Bacteria,Proteobacteria,Gammaproteobacteria,Enterobacterales,Pectobacteriaceae,Sodalis,Sodalis endosymbiont of Henestaris halophilus,Sodalis endosymbiont of Henestaris halophilus,307,0,0,0,0,13,0,0,0,0,0
Bacteria,Proteobacteria,Gammaproteobacteria,Enterobacterales,Pectobacteriaceae,Pectobacterium,Pectobacterium parmentieri,Pectobacterium parmentieri,245,0,0,0,0,54,18,46,25,15,0
Bacteria,Proteobacteria,Gammaproteobacteria,Enterobacterales,Yersiniaceae,Yersinia,Yersinia entomophaga,Yersinia entomophaga,362,0,0,0,0,59,12,38,26,29,0
Bacteria,Proteobacteria,Gammaproteobacteria,Enterobacterales,Yersiniaceae,Yersinia,Yersinia enterocolitica,Yersinia enterocolitica,361,0,0,0,0,48,17,24,16,15,0
Bacteria,Proteobacteria,Gammaproteobacteria,Enterobacterales,Yersiniaceae,Yersinia,Yersinia frederiksenii,Yersinia frederiksenii,363,0,0,0,0,77,24,44,0,29,0
Bacteria,Proteobacteria,Gammaproteobacteria,Enterobacterales,Yersiniaceae,Yersinia,Yersinia pestis,Yersinia pestis,364,0,0,0,0,169,0,194,155,200,107
Bacteria,Proteobacteria,Gammaproteobacteria,Enterobacterales,Yersiniaceae,Serratia,Serratia symbiotica,Serratia symbiotica,299,0,0,0,0,32,27,24,12,0,0
Bacteria,Proteobacteria,Gammaproteobacteria,Enterobacterales,Yersiniaceae,Candidatus Fukatsuia,Candidatus Fukatsuia symbiotica,Candidatus Fukatsuia symbiotica,80,0,0,0,0,12,0,12,0,10,0
Bacteria,Proteobacteria,Gammaproteobacteria,Enterobacterales,Morganellaceae,Arsenophonus,Arsenophonus nasoniae,Arsenophonus nasoniae,41,0,0,0,0,59,15,25,21,10,0
Bacteria,Proteobacteria,Gammaproteobacteria,Enterobacterales,Morganellaceae,Xenorhabdus,Xenorhabdus poinarii,Xenorhabdus poinarii,358,0,0,0,0,25,0,18,0,12,0
Bacteria,Proteobacteria,Gammaproteobacteria,Enterobacterales,Morganellaceae,Morganella,Morganella morganii,Morganella morganii,210,0,0,0,0,28,12,23,13,12,0
Bacteria,Proteobacteria,Gammaproteobacteria,Enterobacterales,Erwiniaceae,Pantoea,Pantoea stewartii,Pantoea stewartii,231,0,0,0,0,88,0,11,13,11,0
Bacteria,Proteobacteria,Gammaproteobacteria,Enterobacterales,Erwiniaceae,Pantoea,Candidatus Pantoea carbekii,Candidatus Pantoea carbekii,87,0,0,0,0,32,11,19,10,11,0
Bacteria,Proteobacteria,Gammaproteobacteria,Enterobacterales,Erwiniaceae,Buchnera,Buchnera aphidicola,Buchnera aphidicola,71,0,0,0,0,21,0,0,0,0,0
Bacteria,Proteobacteria,Gammaproteobacteria,Enterobacterales,Hafniaceae,Edwardsiella,Edwardsiella ictaluri,Edwardsiella ictaluri,126,0,0,0,0,37,0,17,0,0,0
Bacteria,Proteobacteria,Gammaproteobacteria,Enterobacterales,o_Enterobacterales,Plesiomonas,Plesiomonas shigelloides,Plesiomonas shigelloides,254,0,0,0,0,11,0,0,0,0,0
Bacteria,Proteobacteria,Gammaproteobacteria,Vibrionales,Vibrionaceae,Vibrio,Vibrio cholerae,Vibrio cholerae,342,0,0,0,0,104,36,54,31,39,30
Bacteria,Proteobacteria,Gammaproteobacteria,Vibrionales,Vibrionaceae,Vibrio,Vibrio tapetis,Vibrio tapetis,347,0,0,0,0,91,24,67,29,17,0
Bacteria,Proteobacteria,Gammaproteobacteria,Vibrionales,Vibrionaceae,Vibrio,Vibrio furnissii,Vibrio furnissii,343,0,0,0,0,21,12,20,0,16,0
Bacteria,Proteobacteria,Gammaproteobacteria,Vibrionales,Vibrionaceae,Vibrio,Vibrio ponticus,Vibrio ponticus,344,0,0,0,0,17,0,14,0,13,0
Bacteria,Proteobacteria,Gammaproteobacteria,Vibrionales,Vibrionaceae,Photobacterium,Photobacterium gaetbulicola,Photobacterium gaetbulicola,251,0,0,0,0,18,0,0,0,0,0
Bacteria,Proteobacteria,Gammaproteobacteria,Alteromonadales,Shewanellaceae,Shewanella,Shewanella benthica,Shewanella benthica,300,0,0,0,0,184,30,52,20,45,0
Bacteria,Proteobacteria,Gammaproteobacteria,Alteromonadales,Shewanellaceae,Shewanella,Shewanella bicestrii,Shewanella bicestrii,301,0,0,0,0,110,41,56,41,38,0
Bacteria,Proteobacteria,Gammaproteobacteria,Alteromonadales,Alteromonadaceae,Alteromonas,Alteromonas macleodii,Alteromonas macleodii,31,0,0,0,0,27,0,21,0,0,0
Bacteria,Proteobacteria,Gammaproteobacteria,Alteromonadales,Alteromonadaceae,Alteromonas,Alteromonas sp. RKMC-009,Alteromonas sp. RKMC-009,32,0,0,0,0,19,0,0,0,0,12
Bacteria,Proteobacteria,Gammaproteobacteria,Alteromonadales,Moritellaceae,Moritella,Moritella viscosa,Moritella viscosa,211,0,0,0,0,34,14,18,12,0,0
Bacteria,Proteobacteria,Gammaproteobacteria,Alteromonadales,Pseudoalteromonadaceae,Pseudoalteromonas,Pseudoalteromonas sp. DL-6,Pseudoalteromonas sp. DL-6,260,0,0,0,0,10,0,0,0,0,0
Bacteria,Proteobacteria,Gammaproteobacteria,Aeromonadales,Aeromonadaceae,Aeromonas,Aeromonas veronii,Aeromonas veronii,22,0,0,0,0,254,70,159,70,84,48
Bacteria,Proteobacteria,Gammaproteobacteria,Aeromonadales,Aeromonadaceae,Aeromonas,Aeromonas sp. 2692-1,Aeromonas sp. 2692-1,21,0,0,0,0,28,14,22,14,0,0
Bacteria,Proteobacteria,Gammaproteobacteria,Aeromonadales,Aeromonadaceae,Tolumonas,Tolumonas auensis,Tolumonas auensis,337,0,0,0,0,21,0,0,0,0,0
Bacteria,Proteobacteria,Gammaproteobacteria,Pseudomonadales,Pseudomonadaceae,Pseudomonas,Pseudomonas sp. NS1(2017),Pseudomonas sp. NS1(2017),269,0,0,0,0,22,0,19,0,0,0
Bacteria,Proteobacteria,Gammaproteobacteria,Pseudomonadales,Pseudomonadaceae,Pseudomonas,Pseudomonas stutzeri,Pseudomonas stutzeri,270,0,0,0,0,16,10,21,0,0,0
Bacteria,Proteobacteria,Gammaproteobacteria,Pseudomonadales,Pseudomonadaceae,Pseudomonas,Candidatus Pseudomonas adelgestsugas,Candidatus Pseudomonas adelgestsugas,89,0,0,0,0,15,0,0,0,0,0
Bacteria,Proteobacteria,Gammaproteobacteria,Pseudomonadales,Moraxellaceae,Acinetobacter,Acinetobacter sp. MYb10,Acinetobacter sp. MYb10,13,0,0,0,0,51,0,0,0,0,0
Bacteria,Proteobacteria,Gammaproteobacteria,Pseudomonadales,Moraxellaceae,Moraxella,Moraxella catarrhalis,Moraxella catarrhalis,209,0,0,0,0,25,0,0,0,0,0
Bacteria,Proteobacteria,Gammaproteobacteria,Pasteurellales,Pasteurellaceae,Histophilus,Histophilus somni,Histophilus somni,160,0,0,0,0,25,0,0,0,0,0
Bacteria,Proteobacteria,Gammaproteobacteria,Thiotrichales,Piscirickettsiaceae,Thiomicrorhabdus,Thiomicrorhabdus sp. aks77,Thiomicrorhabdus sp. aks77,335,0,0,0,0,87,41,67,31,42,0
Bacteria,Proteobacteria,Gammaproteobacteria,Chromatiales,o_Chromatiales,Thiohalobacter,Thiohalobacter thiocyanaticus,Thiohalobacter thiocyanaticus,333,0,0,0,0,23,0,19,0,0,0
Bacteria,Proteobacteria,Gammaproteobacteria,Chromatiales,Thioalkalispiraceae,Sulfurivermis,Sulfurivermis fontis,Sulfurivermis fontis,328,0,0,0,0,13,0,0,0,0,0
Bacteria,Proteobacteria,Gammaproteobacteria,Legionellales,Legionellaceae,Legionella,Legionella longbeachae,Legionella longbeachae,181,0,0,0,0,23,0,0,15,0,0
Bacteria,Proteobacteria,Gammaproteobacteria,Legionellales,Legionellaceae,Legionella,Legionella pneumophila,Legionella pneumophila,182,0,0,0,0,16,0,0,0,0,0
Bacteria,Proteobacteria,Gammaproteobacteria,Legionellales,Coxiellaceae,Aquicella,Aquicella lusitana,Aquicella lusitana,37,0,0,0,0,17,0,0,0,0,0
Bacteria,Proteobacteria,Gammaproteobacteria,Xanthomonadales,Xanthomonadaceae,Stenotrophomonas,Stenotrophomonas maltophilia,Stenotrophomonas maltophilia,318,0,0,0,0,29,106,255,107,115,61
Bacteria,Proteobacteria,Gammaproteobacteria,c_Gammaproteobacteria,c_Gammaproteobacteria,c_Gammaproteobacteria,endosymbiont of Euscepes postfasciatus,endosymbiont of Euscepes postfasciatus,128,0,0,0,0,22,0,10,0,0,0
Bacteria,Proteobacteria,Gammaproteobacteria,c_Gammaproteobacteria,c_Gammaproteobacteria,Candidatus Nardonella,endosymbiont of Pachyrhynchus infernalis,endosymbiont of Pachyrhynchus infernalis,129,0,0,0,0,13,0,13,0,0,0
Bacteria,Proteobacteria,Alphaproteobacteria,Rhodobacterales,Rhodobacteraceae,Rhodobacter,Rhodobacter sphaeroides,Rhodobacter sphaeroides,280,0,0,0,0,122,14,26,26,29,0
Bacteria,Proteobacteria,Alphaproteobacteria,Rhodospirillales,Rhodospirillaceae,Candidatus Endolissoclinum,Candidatus Endolissoclinum faulkneri,Candidatus Endolissoclinum faulkneri,79,0,0,0,0,18,0,0,0,0,0
Bacteria,Proteobacteria,Alphaproteobacteria,Rhodospirillales,Rhodospirillaceae,Magnetospirillum,Magnetospirillum gryphiswaldense,Magnetospirillum gryphiswaldense,195,0,0,0,0,96,0,0,0,0,0
Bacteria,Proteobacteria,Epsilonproteobacteria,Campylobacterales,Helicobacteraceae,Helicobacter,Helicobacter pylori,Helicobacter pylori,159,0,0,0,0,32,0,21,11,22,0
Bacteria,Proteobacteria,Epsilonproteobacteria,Campylobacterales,Helicobacteraceae,Helicobacter,Helicobacter cinaedi,Helicobacter cinaedi,158,0,0,0,0,20,0,14,0,0,0
Bacteria,Actinobacteria,Actinobacteria,Bifidobacteriales,Bifidobacteriaceae,Bifidobacterium,Bifidobacterium dentium,Bifidobacterium dentium,61,0,0,0,0,743,173,142,225,239,186
Bacteria,Actinobacteria,Actinobacteria,Bifidobacteriales,Bifidobacteriaceae,Bifidobacterium,Bifidobacterium bifidum,Bifidobacterium bifidum,58,0,0,0,0,545,136,130,117,147,27
Bacteria,Actinobacteria,Actinobacteria,Bifidobacteriales,Bifidobacteriaceae,Bifidobacterium,Bifidobacterium choerinum,Bifidobacterium choerinum,60,0,0,0,0,306,83,80,78,66,30
Bacteria,Actinobacteria,Actinobacteria,Bifidobacteriales,Bifidobacteriaceae,Bifidobacterium,Bifidobacterium actinocoloniiforme,Bifidobacterium actinocoloniiforme,54,0,0,0,0,226,37,78,52,59,27
Bacteria,Actinobacteria,Actinobacteria,Bifidobacteriales,Bifidobacteriaceae,Bifidobacterium,Bifidobacterium pseudolongum,Bifidobacterium pseudolongum,65,0,0,0,0,205,50,66,38,47,27
Bacteria,Actinobacteria,Actinobacteria,Bifidobacteriales,Bifidobacteriaceae,Bifidobacterium,Bifidobacterium angulatum,Bifidobacterium angulatum,56,0,0,0,0,252,55,69,71,64,0
Bacteria,Actinobacteria,Actinobacteria,Bifidobacteriales,Bifidobacteriaceae,Bifidobacterium,Bifidobacterium gallinarum,Bifidobacterium gallinarum,62,0,0,0,0,103,20,19,17,33,0
Bacteria,Actinobacteria,Actinobacteria,Bifidobacteriales,Bifidobacteriaceae,Bifidobacterium,Bifidobacterium breve,Bifidobacterium breve,59,0,0,0,0,171,0,63,98,0,0
Bacteria,Actinobacteria,Actinobacteria,Bifidobacteriales,Bifidobacteriaceae,Bifidobacterium,Bifidobacterium indicum,Bifidobacterium indicum,63,0,0,0,0,324,0,0,0,0,0
Bacteria,Actinobacteria,Actinobacteria,Bifidobacteriales,Bifidobacteriaceae,Bifidobacterium,Bifidobacterium adolescentis,Bifidobacterium adolescentis,55,0,0,0,0,27,0,0,0,0,0
Bacteria,Actinobacteria,Actinobacteria,Corynebacteriales,Mycobacteriaceae,Mycobacterium,Mycobacterium tuberculosis,Mycobacterium tuberculosis,216,0,0,0,0,254,71,102,57,70,0
Bacteria,Actinobacteria,Actinobacteria,Corynebacteriales,Mycobacteriaceae,Mycobacterium,Mycobacterium kansasii,Mycobacterium kansasii,215,0,0,0,0,39,0,19,0,0,0
Bacteria,Actinobacteria,Actinobacteria,Streptomycetales,Streptomycetaceae,Streptomyces,Streptomyces peucetius,Streptomyces peucetius,324,0,0,0,0,42,19,0,11,0,0
Bacteria,Actinobacteria,Actinobacteria,Streptomycetales,Streptomycetaceae,Streptomyces,Streptomyces sp. SAT1,Streptomyces sp. SAT1,325,0,0,0,0,16,0,0,0,0,0
Bacteria,Actinobacteria,Actinobacteria,Micrococcales,Microbacteriaceae,Agromyces,Agromyces sp. LHK192,Agromyces sp. LHK192,24,0,0,0,0,22,0,0,0,0,0
Bacteria,Firmicutes,Bacilli,Bacillales,Staphylococcaceae,Staphylococcus,Staphylococcus haemolyticus,Staphylococcus haemolyticus,315,0,0,0,0,52,0,0,0,0,0
Bacteria,Firmicutes,Bacilli,Bacillales,Bacillaceae,Lysinibacillus,Lysinibacillus timonensis,Lysinibacillus timonensis,189,0,0,0,0,12,0,0,0,0,0
Bacteria,Firmicutes,Bacilli,Lactobacillales,Streptococcaceae,Streptococcus,Streptococcus mutans,Streptococcus mutans,321,0,0,0,0,10,0,0,0,0,0
Bacteria,Firmicutes,Clostridia,Clostridiales,Clostridiaceae,Clostridium,Clostridium sp. SYSU GA15002T,Clostridium sp. SYSU GA15002T,105,0,0,0,0,40,19,29,0,0,0
Bacteria,Firmicutes,Clostridia,Clostridiales,Peptostreptococcaceae,Clostridioides,Clostridioides difficile,Clostridioides difficile,101,0,0,0,0,26,0,0,0,18,0
Bacteria,Bacteroidetes,Bacteroidia,Bacteroidales,Muribaculaceae,Duncaniella,Duncaniella dubosii,Duncaniella dubosii,123,0,0,0,0,28,0,0,321,0,0
Bacteria,Bacteroidetes,Flavobacteriia,Flavobacteriales,Flavobacteriaceae,Winogradskyella,Winogradskyella sp. Z354,Winogradskyella sp. Z354,352,0,0,0,0,25,0,0,0,0,0
Bacteria,Coprothermobacterota,Coprothermobacteria,Coprothermobacterales,Coprothermobacteraceae,Coprothermobacter,Coprothermobacter proteolyticus,Coprothermobacter proteolyticus,108,0,0,0,0,10,0,0,0,0,0
Bacteria,Proteobacteria,Alphaproteobacteria,Rhizobiales,Phyllobacteriaceae,Mesorhizobium,Mesorhizobium oceanicum,Mesorhizobium oceanicum,200,0,0,0,0,0,131,61,97,97,167
Bacteria,Proteobacteria,Alphaproteobacteria,Rhizobiales,Phyllobacteriaceae,Mesorhizobium,Mesorhizobium terrae,Mesorhizobium terrae,203,0,0,0,0,0,154,112,154,108,3914
Bacteria,Proteobacteria,Alphaproteobacteria,Rhizobiales,Phyllobacteriaceae,Mesorhizobium,Mesorhizobium sp. M2A.F.Ca.ET.043.05.1.1,Mesorhizobium sp. M2A.F.Ca.ET.043.05.1.1,201,0,0,0,0,0,328,63,181,129,0
Bacteria,Proteobacteria,Alphaproteobacteria,Rhizobiales,Phyllobacteriaceae,Mesorhizobium,Mesorhizobium sp. Pch-S,Mesorhizobium sp. Pch-S,202,0,0,0,0,0,31,23,21,22,0
Bacteria,Proteobacteria,Alphaproteobacteria,Rhizobiales,Phyllobacteriaceae,Mesorhizobium,Mesorhizobium huakuii,Mesorhizobium huakuii,199,0,0,0,0,0,10364,7598,9555,10048,0
Bacteria,Proteobacteria,Alphaproteobacteria,Rhizobiales,Phyllobacteriaceae,Salaquimonas,Salaquimonas pukyongi,Salaquimonas pukyongi,291,0,0,0,0,0,50,27,30,22,0
Bacteria,Proteobacteria,Alphaproteobacteria,Rhizobiales,Hyphomicrobiaceae,Devosia,Devosia sp. D6-9,Devosia sp. D6-9,119,0,0,0,0,0,95,121,90,70,0
Bacteria,Proteobacteria,Alphaproteobacteria,Rhizobiales,Hyphomicrobiaceae,Devosia,Devosia sp. MC521,Devosia sp. MC521,121,0,0,0,0,0,12,17,0,0,0
Bacteria,Proteobacteria,Alphaproteobacteria,Rhizobiales,Hyphomicrobiaceae,Devosia,Devosia ginsengisoli,Devosia ginsengisoli,118,0,0,0,0,0,15,40,23,18,12
Bacteria,Proteobacteria,Alphaproteobacteria,Rhizobiales,Hyphomicrobiaceae,Hyphomicrobium,Hyphomicrobium sp. MC1,Hyphomicrobium sp. MC1,163,0,0,0,0,0,36,56,50,43,33
Bacteria,Proteobacteria,Alphaproteobacteria,Rhizobiales,Hyphomicrobiaceae,Hyphomicrobium,Hyphomicrobium denitrificans,Hyphomicrobium denitrificans,162,0,0,0,0,0,11,14,0,0,0
Bacteria,Proteobacteria,Alphaproteobacteria,Rhizobiales,Hyphomicrobiaceae,Pelagibacterium,Pelagibacterium halotolerans,Pelagibacterium halotolerans,246,0,0,0,0,0,28,32,33,33,15
Bacteria,Proteobacteria,Alphaproteobacteria,Rhizobiales,Rhizobiaceae,Liberibacter,Candidatus Liberibacter asiaticus,Candidatus Liberibacter asiaticus,84,0,0,0,0,0,365,336,338,316,51
Bacteria,Proteobacteria,Alphaproteobacteria,Rhizobiales,Rhizobiaceae,Liberibacter,Candidatus Liberibacter americanus,Candidatus Liberibacter americanus,83,0,0,0,0,0,27,28,23,15,26
Bacteria,Proteobacteria,Alphaproteobacteria,Rhizobiales,Rhizobiaceae,Liberibacter,Candidatus Liberibacter solanacearum,Candidatus Liberibacter solanacearum,85,0,0,0,0,0,13,19,18,15,0
Bacteria,Proteobacteria,Alphaproteobacteria,Rhizobiales,Rhizobiaceae,Sinorhizobium,Sinorhizobium meliloti,Sinorhizobium meliloti,306,0,0,0,0,0,400,178,306,141,204
Bacteria,Proteobacteria,Alphaproteobacteria,Rhizobiales,Rhizobiaceae,Shinella,Shinella sp. HZN7,Shinella sp. HZN7,304,0,0,0,0,0,160,62,0,0,0
Bacteria,Proteobacteria,Alphaproteobacteria,Rhizobiales,Rhizobiaceae,Rhizobium,Rhizobium leguminosarum,Rhizobium leguminosarum,279,0,0,0,0,0,32,43,0,27,19
Bacteria,Proteobacteria,Alphaproteobacteria,Rhizobiales,Cohaesibacteraceae,Breoghania,Breoghania sp. L-A4,Breoghania sp. L-A4,67,0,0,0,0,0,93,94,71,70,22
Bacteria,Proteobacteria,Alphaproteobacteria,Rhizobiales,Bartonellaceae,Bartonella,Bartonella sp. HY038,Bartonella sp. HY038,51,0,0,0,0,0,45,24,31,36,51
Bacteria,Proteobacteria,Alphaproteobacteria,Rhizobiales,Bartonellaceae,Bartonella,Bartonella sp. WD16.2,Bartonella sp. WD16.2,52,0,0,0,0,0,43,54,36,53,0
Bacteria,Proteobacteria,Alphaproteobacteria,Rhizobiales,o_Rhizobiales,Nordella,Nordella sp. HKS 07,Nordella sp. HKS 07,219,0,0,0,0,0,25,39,41,36,91
Bacteria,Proteobacteria,Alphaproteobacteria,Rhizobiales,o_Rhizobiales,Candidatus Hodgkinia,Candidatus Hodgkinia cicadicola,Candidatus Hodgkinia cicadicola,81,0,0,0,0,0,10,16,0,18,0
Bacteria,Proteobacteria,Alphaproteobacteria,Rhizobiales,Rhodobiaceae,Candidatus Phaeomarinobacter,Candidatus Phaeomarinobacter ectocarpi,Candidatus Phaeomarinobacter ectocarpi,88,0,0,0,0,0,29,48,24,28,0
Bacteria,Proteobacteria,Alphaproteobacteria,Rhizobiales,Rhodobiaceae,Pyruvatibacter,Pyruvatibacter mobilis,Pyruvatibacter mobilis,272,0,0,0,0,0,14,19,15,14,0
Bacteria,Proteobacteria,Alphaproteobacteria,Rhizobiales,Xanthobacteraceae,Pseudolabrys,Pseudolabrys sp. FHR47,Pseudolabrys sp. FHR47,261,0,0,0,0,0,30,29,36,20,28
Bacteria,Proteobacteria,Alphaproteobacteria,Rhizobiales,Xanthobacteraceae,Xanthobacter,Xanthobacter autotrophicus,Xanthobacter autotrophicus,353,0,0,0,0,0,32,45,0,36,30
Bacteria,Proteobacteria,Alphaproteobacteria,Rhizobiales,Methylobacteriaceae,Methylobacterium,Methylobacterium radiotolerans,Methylobacterium radiotolerans,204,0,0,0,0,0,35,0,0,0,0
Bacteria,Proteobacteria,Alphaproteobacteria,Rhizobiales,Bradyrhizobiaceae,Variibacter,Variibacter gotjawalensis,Variibacter gotjawalensis,339,0,0,0,0,0,11,0,0,13,0
Bacteria,Proteobacteria,Alphaproteobacteria,Rhodobacterales,Rhodobacteraceae,Paracoccus,Paracoccus denitrificans,Paracoccus denitrificans,235,0,0,0,0,0,10233,9559,11511,12064,4471
Bacteria,Proteobacteria,Alphaproteobacteria,Rhodobacterales,Rhodobacteraceae,Paracoccus,Paracoccus sp. SC2-6,Paracoccus sp. SC2-6,240,0,0,0,0,0,83,147,114,98,54
Bacteria,Proteobacteria,Alphaproteobacteria,Rhodobacterales,Rhodobacteraceae,Paracoccus,Paracoccus sp. BM15,Paracoccus sp. BM15,239,0,0,0,0,0,48,43,43,43,32
Bacteria,Proteobacteria,Alphaproteobacteria,Rhodobacterales,Rhodobacteraceae,Paracoccus,Paracoccus aminophilus,Paracoccus aminophilus,233,0,0,0,0,0,50,48,47,40,16
Bacteria,Proteobacteria,Alphaproteobacteria,Rhodobacterales,Rhodobacteraceae,Paracoccus,Paracoccus yeei,Paracoccus yeei,241,0,0,0,0,0,65,143,71,69,0
Bacteria,Proteobacteria,Alphaproteobacteria,Rhodobacterales,Rhodobacteraceae,Paracoccus,Paracoccus jeotgali,Paracoccus jeotgali,236,0,0,0,0,0,13,19,0,16,0
Bacteria,Proteobacteria,Alphaproteobacteria,Rhodobacterales,Rhodobacteraceae,Rhodovulum,Rhodovulum sp. P5,Rhodovulum sp. P5,285,0,0,0,0,0,60,74,47,64,17
Bacteria,Proteobacteria,Alphaproteobacteria,Rhodobacterales,Rhodobacteraceae,Ketogulonicigenium,Ketogulonicigenium robustum,Ketogulonicigenium robustum,165,0,0,0,0,0,43,44,45,36,23
Bacteria,Proteobacteria,Alphaproteobacteria,Rhodobacterales,Rhodobacteraceae,Sulfitobacter,Sulfitobacter sp. JL08,Sulfitobacter sp. JL08,326,0,0,0,0,0,33,39,24,28,0
Bacteria,Proteobacteria,Alphaproteobacteria,Rhodobacterales,Rhodobacteraceae,Paraoceanicella,Paraoceanicella profunda,Paraoceanicella profunda,242,0,0,0,0,0,41,48,33,59,19
Bacteria,Proteobacteria,Alphaproteobacteria,Rhodobacterales,Rhodobacteraceae,Silicimonas,Silicimonas algicola,Silicimonas algicola,305,0,0,0,0,0,23,25,19,16,0
Bacteria,Proteobacteria,Alphaproteobacteria,Rhodobacterales,Rhodobacteraceae,Sagittula,Sagittula sp. P11,Sagittula sp. P11,290,0,0,0,0,0,54,45,55,56,0
Bacteria,Proteobacteria,Alphaproteobacteria,Rhodobacterales,Rhodobacteraceae,Roseivivax,Roseivivax sp. THAF30,Roseivivax sp. THAF30,288,0,0,0,0,0,17,0,18,18,0
Bacteria,Proteobacteria,Alphaproteobacteria,Sphingomonadales,Sphingomonadaceae,Novosphingobium,Novosphingobium sp. ABRDHK2,Novosphingobium sp. ABRDHK2,221,0,0,0,0,0,63,0,0,0,0
Bacteria,Proteobacteria,Alphaproteobacteria,Rickettsiales,Rickettsiaceae,Orientia,Orientia tsutsugamushi,Orientia tsutsugamushi,227,0,0,0,0,0,10,0,0,0,0
Bacteria,Proteobacteria,Betaproteobacteria,Burkholderiales,Comamonadaceae,Comamonas,Comamonas kerstersii,Comamonas kerstersii,106,0,0,0,0,0,251,174,0,0,0
Bacteria,Proteobacteria,Betaproteobacteria,Burkholderiales,Comamonadaceae,Acidovorax,Acidovorax sp. 16-35-5,Acidovorax sp. 16-35-5,3,0,0,0,0,0,35,0,0,0,0
Bacteria,Proteobacteria,Betaproteobacteria,Burkholderiales,Comamonadaceae,Candidatus Symbiobacter,Candidatus Symbiobacter mobilis,Candidatus Symbiobacter mobilis,94,0,0,0,0,0,18,14,0,18,0
Bacteria,Proteobacteria,Gammaproteobacteria,Pseudomonadales,Moraxellaceae,Acinetobacter,Acinetobacter johnsonii,Acinetobacter johnsonii,5,0,0,0,0,0,11402,7275,8909,10380,2816
Bacteria,Proteobacteria,Gammaproteobacteria,Pseudomonadales,Moraxellaceae,Acinetobacter,Acinetobacter sp. WCHAc010034,Acinetobacter sp. WCHAc010034,15,0,0,0,0,0,99,107,58,84,39
Bacteria,Proteobacteria,Gammaproteobacteria,Pseudomonadales,Moraxellaceae,Acinetobacter,Acinetobacter sp. dk386,Acinetobacter sp. dk386,11,0,0,0,0,0,31,49,12,26,0
Bacteria,Proteobacteria,Gammaproteobacteria,Pseudomonadales,Moraxellaceae,Acinetobacter,Acinetobacter baumannii,Acinetobacter baumannii,4,0,0,0,0,0,703,1007,667,817,117
Bacteria,Proteobacteria,Gammaproteobacteria,Pseudomonadales,Moraxellaceae,Acinetobacter,Acinetobacter schindleri,Acinetobacter schindleri,9,0,0,0,0,0,171,179,135,198,0
Bacteria,Proteobacteria,Gammaproteobacteria,Pseudomonadales,Moraxellaceae,Acinetobacter,Acinetobacter radioresistens,Acinetobacter radioresistens,8,0,0,0,0,0,16,10,10,19,0
Bacteria,Proteobacteria,Gammaproteobacteria,Pseudomonadales,Moraxellaceae,Acinetobacter,Acinetobacter venetianus,Acinetobacter venetianus,17,0,0,0,0,0,14,10,14,0,0
Bacteria,Proteobacteria,Gammaproteobacteria,Pseudomonadales,Moraxellaceae,Acinetobacter,Acinetobacter larvae,Acinetobacter larvae,6,0,0,0,0,0,14,19,0,14,0
Bacteria,Proteobacteria,Gammaproteobacteria,Pseudomonadales,Moraxellaceae,Acinetobacter,Acinetobacter tandoii,Acinetobacter tandoii,16,0,0,0,0,0,10,0,0,0,0
Bacteria,Proteobacteria,Gammaproteobacteria,Pseudomonadales,Pseudomonadaceae,Pseudomonas,Pseudomonas sp. 11K1,Pseudomonas sp. 11K1,266,0,0,0,0,0,22,17,0,0,0
Bacteria,Proteobacteria,Gammaproteobacteria,Xanthomonadales,Xanthomonadaceae,Luteimonas,Luteimonas chenhongjianii,Luteimonas chenhongjianii,185,0,0,0,0,0,5571,8920,7689,9620,3180
Bacteria,Proteobacteria,Gammaproteobacteria,Xanthomonadales,Xanthomonadaceae,Luteimonas,Luteimonas sp. JM171,Luteimonas sp. JM171,187,0,0,0,0,0,70,174,104,159,19
Bacteria,Proteobacteria,Gammaproteobacteria,Xanthomonadales,Xanthomonadaceae,Luteimonas,Luteimonas sp. YGD11-2,Luteimonas sp. YGD11-2,188,0,0,0,0,0,70,154,69,115,49
Bacteria,Proteobacteria,Gammaproteobacteria,Xanthomonadales,Xanthomonadaceae,Lysobacter,Lysobacter alkalisoli,Lysobacter alkalisoli,190,0,0,0,0,0,81,147,56,115,36
Bacteria,Proteobacteria,Gammaproteobacteria,Xanthomonadales,Xanthomonadaceae,Lysobacter,Lysobacter sp. TY2-98,Lysobacter sp. TY2-98,194,0,0,0,0,0,27,26,39,21,32
Bacteria,Proteobacteria,Gammaproteobacteria,Xanthomonadales,Xanthomonadaceae,Xanthomonas,Xanthomonas albilineans,Xanthomonas albilineans,354,0,0,0,0,0,45,157,84,80,39
Bacteria,Proteobacteria,Gammaproteobacteria,Xanthomonadales,Xanthomonadaceae,Xanthomonas,Xanthomonas citri,Xanthomonas citri,356,0,0,0,0,0,55,191,84,109,21
Bacteria,Proteobacteria,Gammaproteobacteria,Xanthomonadales,Xanthomonadaceae,Arenimonas,Arenimonas daejeonensis,Arenimonas daejeonensis,40,0,0,0,0,0,40,106,61,88,0
Bacteria,Proteobacteria,Gammaproteobacteria,Enterobacterales,Enterobacteriaceae,Klebsiella,Klebsiella huaxiensis,Klebsiella huaxiensis,167,0,0,0,0,0,12,0,0,0,0
Bacteria,Proteobacteria,Gammaproteobacteria,Methylococcales,Methylothermaceae,f_Methylothermaceae,Methylomonas clara,Methylomonas clara,208,0,0,0,0,0,16,21,0,0,0
Bacteria,Firmicutes,Bacilli,Lactobacillales,Streptococcaceae,Lactococcus,Lactococcus lactis,Lactococcus lactis,176,0,0,0,0,0,11904,12198,14053,14436,6066
Bacteria,Firmicutes,Bacilli,Lactobacillales,Streptococcaceae,Streptococcus,Streptococcus pneumoniae,Streptococcus pneumoniae,322,0,0,0,0,0,48,92,50,67,0
Bacteria,Firmicutes,Bacilli,Lactobacillales,Enterococcaceae,Enterococcus,Enterococcus hirae,Enterococcus hirae,138,0,0,0,0,0,28,45,34,33,47
Bacteria,Firmicutes,Bacilli,Lactobacillales,Enterococcaceae,Enterococcus,Enterococcus faecium,Enterococcus faecium,137,0,0,0,0,0,67,0,0,0,0
Bacteria,Firmicutes,Bacilli,Bacillales,Bacillaceae,Bacillus,Bacillus coagulans,Bacillus coagulans,44,0,0,0,0,0,41,27,31,52,0
Bacteria,Firmicutes,Clostridia,Clostridiales,Syntrophomonadaceae,Syntrophomonas,Syntrophomonas wolfei,Syntrophomonas wolfei,329,0,0,0,0,0,270,351,283,293,20
Bacteria,Bacteroidetes,Flavobacteriia,Flavobacteriales,Flavobacteriaceae,Flavobacterium,Flavobacterium sp. HYN0086,Flavobacterium sp. HYN0086,149,0,0,0,0,0,57,0,0,0,0
Bacteria,Bacteroidetes,Flavobacteriia,Flavobacteriales,Flavobacteriaceae,Flavobacterium,Flavobacterium sangjuense,Flavobacterium sangjuense,147,0,0,0,0,0,25,0,0,0,0
Bacteria,Proteobacteria,Alphaproteobacteria,Rhizobiales,Phyllobacteriaceae,Oricola,Oricola sp. MEBiC13590,Oricola sp. MEBiC13590,226,0,0,0,0,0,0,17,13,14,0
Bacteria,Proteobacteria,Alphaproteobacteria,Rhizobiales,Rhodobiaceae,f_Rhodobiaceae,Rhodobiaceae bacterium,Rhodobiaceae bacterium,282,0,0,0,0,0,0,17,0,0,0
Bacteria,Proteobacteria,Alphaproteobacteria,Rhizobiales,Bartonellaceae,Bartonella,Bartonella quintana,Bartonella quintana,50,0,0,0,0,0,0,15,18,0,29
Bacteria,Proteobacteria,Alphaproteobacteria,Rhizobiales,Bradyrhizobiaceae,Rhodopseudomonas,Rhodopseudomonas palustris,Rhodopseudomonas palustris,284,0,0,0,0,0,0,43,0,0,0
Bacteria,Proteobacteria,Alphaproteobacteria,Rhizobiales,Methylobacteriaceae,Methylobacterium,Methylobacterium sp. 4-46,Methylobacterium sp. 4-46,205,0,0,0,0,0,0,20,0,0,0
Bacteria,Proteobacteria,Alphaproteobacteria,Rhizobiales,Brucellaceae,Brucella,Brucella melitensis,Brucella melitensis,69,0,0,0,0,0,0,1170,0,1149,1103
Bacteria,Proteobacteria,Alphaproteobacteria,Rhizobiales,Brucellaceae,Brucella,Brucella suis,Brucella suis,70,0,0,0,0,0,0,50,140,0,0
Bacteria,Proteobacteria,Alphaproteobacteria,Rhizobiales,Methylocystaceae,Methylocystis,Methylocystis rosea,Methylocystis rosea,207,0,0,0,0,0,0,14,20,0,0
Bacteria,Proteobacteria,Alphaproteobacteria,Rhodobacterales,Rhodobacteraceae,Paracoccus,Paracoccus sp. Arc7-R13,Paracoccus sp. Arc7-R13,238,0,0,0,0,0,0,12,0,0,0
Bacteria,Proteobacteria,Alphaproteobacteria,Rhodobacterales,Rhodobacteraceae,Paracoccus,Paracoccus kondratievae,Paracoccus kondratievae,237,0,0,0,0,0,0,20,21,17,20
Bacteria,Proteobacteria,Alphaproteobacteria,Rhodobacterales,Rhodobacteraceae,Planktomarina,Planktomarina temperata,Planktomarina temperata,252,0,0,0,0,0,0,23,12,20,0
Bacteria,Proteobacteria,Alphaproteobacteria,Rhodobacterales,Rhodobacteraceae,f_Rhodobacteraceae,Rhodobacteraceae bacterium RR4-56,Rhodobacteraceae bacterium RR4-56,281,0,0,0,0,0,0,13,0,14,0
Bacteria,Proteobacteria,Alphaproteobacteria,Rickettsiales,o_Rickettsiales,o_Rickettsiales,Rickettsiales bacterium Ac37b,Rickettsiales bacterium Ac37b,286,0,0,0,0,0,0,14,16,11,17
Bacteria,Proteobacteria,Betaproteobacteria,Burkholderiales,o_Burkholderiales,o_Burkholderiales,Burkholderiales bacterium GJ-E10,Burkholderiales bacterium GJ-E10,75,0,0,0,0,0,0,11,0,0,0
Bacteria,Proteobacteria,Gammaproteobacteria,Xanthomonadales,Xanthomonadaceae,Luteimonas,Luteimonas granuli,Luteimonas granuli,186,0,0,0,0,0,0,40,16,27,0
Bacteria,Proteobacteria,Gammaproteobacteria,Xanthomonadales,Xanthomonadaceae,Xanthomonas,Xanthomonas euvesicatoria,Xanthomonas euvesicatoria,357,0,0,0,0,0,0,49,24,26,31
Bacteria,Proteobacteria,Gammaproteobacteria,Xanthomonadales,Xanthomonadaceae,Xanthomonas,Xanthomonas campestris,Xanthomonas campestris,355,0,0,0,0,0,0,13,0,0,0
Bacteria,Proteobacteria,Gammaproteobacteria,Xanthomonadales,Xanthomonadaceae,Lysobacter,Lysobacter oculi,Lysobacter oculi,193,0,0,0,0,0,0,43,41,22,0
Bacteria,Proteobacteria,Gammaproteobacteria,Xanthomonadales,Xanthomonadaceae,Lysobacter,Lysobacter capsici,Lysobacter capsici,191,0,0,0,0,0,0,72,45,54,0
Bacteria,Proteobacteria,Gammaproteobacteria,Xanthomonadales,Xanthomonadaceae,Stenotrophomonas,Stenotrophomonas acidaminiphila,Stenotrophomonas acidaminiphila,317,0,0,0,0,0,0,20,18,14,0
Bacteria,Proteobacteria,Gammaproteobacteria,Xanthomonadales,Xanthomonadaceae,Stenotrophomonas,Stenotrophomonas sp. DAIF1,Stenotrophomonas sp. DAIF1,319,0,0,0,0,0,0,26,0,0,0
Bacteria,Proteobacteria,Gammaproteobacteria,Xanthomonadales,Xanthomonadaceae,Xylella,Xylella fastidiosa,Xylella fastidiosa,359,0,0,0,0,0,0,38,11,25,21
Bacteria,Proteobacteria,Gammaproteobacteria,Xanthomonadales,Xanthomonadaceae,Xylella,Xylella taiwanensis,Xylella taiwanensis,360,0,0,0,0,0,0,11,0,0,0
Bacteria,Proteobacteria,Gammaproteobacteria,Xanthomonadales,Xanthomonadaceae,Pseudolysobacter,Pseudolysobacter antarcticus,Pseudolysobacter antarcticus,262,0,0,0,0,0,0,33,0,12,0
Bacteria,Proteobacteria,Gammaproteobacteria,Xanthomonadales,Xanthomonadaceae,Pseudoxanthomonas,Pseudoxanthomonas suwonensis,Pseudoxanthomonas suwonensis,271,0,0,0,0,0,0,22,0,0,0
Bacteria,Proteobacteria,Gammaproteobacteria,Pseudomonadales,Moraxellaceae,Acinetobacter,Acinetobacter sp. WCHA45,Acinetobacter sp. WCHA45,14,0,0,0,0,0,0,11,0,18,0
Bacteria,Proteobacteria,Gammaproteobacteria,Pseudomonadales,Moraxellaceae,Acinetobacter,Acinetobacter sp. 10FS3-1,Acinetobacter sp. 10FS3-1,10,0,0,0,0,0,0,11,0,0,0
Bacteria,Proteobacteria,Gammaproteobacteria,Pseudomonadales,Moraxellaceae,Acinetobacter,Acinetobacter pittii,Acinetobacter pittii,7,0,0,0,0,0,0,12,0,0,0
Bacteria,Proteobacteria,Gammaproteobacteria,Pseudomonadales,Pseudomonadaceae,Pseudomonas,Pseudomonas sp. BJP69,Pseudomonas sp. BJP69,268,0,0,0,0,0,0,17,0,13,17
Bacteria,Proteobacteria,Gammaproteobacteria,Pseudomonadales,Pseudomonadaceae,Oblitimonas,Oblitimonas alkaliphila,Oblitimonas alkaliphila,222,0,0,0,0,0,0,11,0,0,0
Bacteria,Firmicutes,Bacilli,Lactobacillales,Streptococcaceae,Streptococcus,Streptococcus dysgalactiae,Streptococcus dysgalactiae,320,0,0,0,0,0,0,11,18,16,0
Bacteria,Firmicutes,Bacilli,Lactobacillales,Leuconostocaceae,Weissella,Weissella hellenica,Weissella hellenica,349,0,0,0,0,0,0,10,0,0,0
Bacteria,Firmicutes,Bacilli,Bacillales,Bacillaceae,Bacillus,Bacillus thuringiensis,Bacillus thuringiensis,45,0,0,0,0,0,0,15,382,0,22
Bacteria,Chloroflexi,Anaerolineae,Anaerolineales,Anaerolineaceae,Anaerolinea,Anaerolinea thermophila,Anaerolinea thermophila,35,0,0,0,0,0,0,14,0,11,0
Bacteria,Bacteroidetes,Bacteroidia,Bacteroidales,Rikenellaceae,Alistipes,Alistipes finegoldii,Alistipes finegoldii,25,0,0,0,0,0,0,42,0,0,0
Bacteria,Bacteroidetes,Flavobacteriia,Flavobacteriales,Flavobacteriaceae,Flavobacterium,Flavobacterium sp. KBS0721,Flavobacterium sp. KBS0721,150,0,0,0,0,0,0,42,0,0,0
Bacteria,Proteobacteria,Betaproteobacteria,Nitrosomonadales,Nitrosomonadaceae,Nitrosomonas,Nitrosomonas stercoris,Nitrosomonas stercoris,218,0,0,0,0,0,0,0,46,0,0
Bacteria,Proteobacteria,Alphaproteobacteria,Rhodobacterales,Rhodobacteraceae,Paracoccus,Paracoccus aminovorans,Paracoccus aminovorans,234,0,0,0,0,0,0,0,11,16,12
Bacteria,Proteobacteria,Alphaproteobacteria,Sphingomonadales,Erythrobacteraceae,Erythrobacter,Erythrobacter gangjinensis,Erythrobacter gangjinensis,141,0,0,0,0,0,0,0,29,0,0
Bacteria,Proteobacteria,Gammaproteobacteria,Xanthomonadales,Xanthomonadaceae,Lysobacter,Lysobacter maris,Lysobacter maris,192,0,0,0,0,0,0,0,23,0,0
Bacteria,Proteobacteria,Deltaproteobacteria,Desulfovibrionales,Desulfovibrionaceae,Desulfovibrio,Desulfovibrio vulgaris,Desulfovibrio vulgaris,117,0,0,0,0,0,0,0,10,0,0
Bacteria,Firmicutes,Clostridia,Clostridiales,Lachnospiraceae,Lachnoclostridium,Clostridium scindens,Clostridium scindens,104,0,0,0,0,0,0,0,33,0,0
Bacteria,Firmicutes,Clostridia,Clostridiales,Lachnospiraceae,Lachnoclostridium,Clostridium hylemonae,Clostridium hylemonae,102,0,0,0,0,0,0,0,16,0,0
Bacteria,Bacteroidetes,Bacteroidia,Bacteroidales,Muribaculaceae,Muribaculum,Muribaculum intestinale,Muribaculum intestinale,213,0,0,0,0,0,0,0,839,0,0
Bacteria,Bacteroidetes,Bacteroidia,Bacteroidales,o_Bacteroidales,Phocaeicola,Phocaeicola salanitronis,Phocaeicola salanitronis,249,0,0,0,0,0,0,0,29,0,0
Bacteria,Firmicutes,Bacilli,Lactobacillales,Streptococcaceae,Lactococcus,Lactococcus raffinolactis,Lactococcus raffinolactis,177,0,0,0,0,0,0,0,0,15,0
Bacteria,Proteobacteria,Alphaproteobacteria,Rhizobiales,Rhodobiaceae,Parvibaculum,Parvibaculum lavamentivorans,Parvibaculum lavamentivorans,243,0,0,0,0,0,0,0,0,0,70
Bacteria,Proteobacteria,Alphaproteobacteria,Rhizobiales,Methylocystaceae,Terasakiella,Terasakiella sp. SH-1,Terasakiella sp. SH-1,332,0,0,0,0,0,0,0,0,0,12
Bacteria,Proteobacteria,Alphaproteobacteria,Rhizobiales,Beijerinckiaceae,Methylocella,Methylocella tundrae,Methylocella tundrae,206,0,0,0,0,0,0,0,0,0,15
Bacteria,Proteobacteria,Alphaproteobacteria,Sphingomonadales,Sphingomonadaceae,Sphingobium,Sphingobium sp. SYK-6,Sphingobium sp. SYK-6,311,0,0,0,0,0,0,0,0,0,62
Bacteria,Proteobacteria,Alphaproteobacteria,Sphingomonadales,Sphingomonadaceae,Sphingopyxis,Sphingopyxis sp. LPB0140,Sphingopyxis sp. LPB0140,312,0,0,0,0,0,0,0,0,0,12
Bacteria,Proteobacteria,Gammaproteobacteria,Pseudomonadales,Moraxellaceae,Acinetobacter,Acinetobacter sp. FDAARGOS_560,Acinetobacter sp. FDAARGOS_560,12,0,0,0,0,0,0,0,0,0,693
Bacteria,Proteobacteria,Gammaproteobacteria,Pseudomonadales,Pseudomonadaceae,Pseudomonas,Pseudomonas sp. 14181154,Pseudomonas sp. 14181154,267,0,0,0,0,0,0,0,0,0,46
Bacteria,Proteobacteria,Gammaproteobacteria,Xanthomonadales,Rhodanobacteraceae,Luteibacter,Luteibacter pinisoli,Luteibacter pinisoli,184,0,0,0,0,0,0,0,0,0,13
Bacteria,Proteobacteria,Gammaproteobacteria,Legionellales,Legionellaceae,Legionella,Legionella endosymbiont of Polyplax serrata,Legionella endosymbiont of Polyplax serrata,180,0,0,0,0,0,0,0,0,0,25
Bacteria,Firmicutes,Bacilli,Bacillales,Paenibacillaceae,Paenibacillus,Paenibacillus psychroresistens,Paenibacillus psychroresistens,229,0,0,0,0,0,0,0,0,0,12
Bacteria,Actinobacteria,Coriobacteriia,Coriobacteriales,Atopobiaceae,Olsenella,Olsenella uli,Olsenella uli,225,0,0,0,0,0,0,0,0,0,16
Bacteria,Bacteroidetes,Bacteroidia,Bacteroidales,Porphyromonadaceae,Porphyromonas,Porphyromonas asaccharolytica,Porphyromonas asaccharolytica,256,0,0,0,0,0,0,0,0,0,19
Bacteria,Verrucomicrobia,Verrucomicrobiae,Verrucomicrobiales,Verrucomicrobiaceae,Roseimicrobium,Roseimicrobium sp. ORNL1,Roseimicrobium sp. ORNL1,287,0,0,0,0,0,0,0,0,0,4483
Bacteria,Verrucomicrobia,Verrucomicrobiae,Verrucomicrobiales,Verrucomicrobiaceae,Verrucomicrobium,Verrucomicrobium spinosum,Verrucomicrobium spinosum,341,0,0,0,0,0,0,0,0,0,134
Bacteria,Verrucomicrobia,Verrucomicrobiae,Verrucomicrobiales,Verrucomicrobiaceae,Verrucomicrobium,Verrucomicrobium sp. GAS474,Verrucomicrobium sp. GAS474,340,0,0,0,0,0,0,0,0,0,27
Bacteria,Verrucomicrobia,Opitutae,Opitutales,Opitutaceae,Ereboglobus,Ereboglobus luteus,Ereboglobus luteus,140,0,0,0,0,0,0,0,0,0,460
