Superkingdom,Phylum,Class,Order,Family,Genus,Species,Name,ti,healthy_stool_10_1,healthy_stool_10_10,healthy_stool_10_100,healthy_stool_10_50,healthy_stool_100_1,healthy_stool_100_50
NA,Bacillota,Clostridia,Lachnospirales,Lachnospiraceae,Acetitomaculum,Acetitomaculum ruminis,Acetitomaculum ruminis,1,0,0,0,0,1,10
NA,Bacillota,Clostridia,Eubacteriales,Oscillospiraceae,Acetivibrio,Acetivibrio ethanolgignens,Acetivibrio ethanolgignens,2,6,14,7,10,25,63
NA,Bacillota,Negativicutes,Acidaminococcales,Acidaminococcaceae,Acidaminococcus,Acidaminococcus fermentans,Acidaminococcus fermentans,3,0,0,0,0,10,9
NA,Bacillota,Negativicutes,Acidaminococcales,Acidaminococcaceae,Acidaminococcus,Acidaminococcus intestini,Acidaminococcus intestini,4,0,0,0,0,4798,18117
NA,Bacillota,Negativicutes,Acidaminococcales,Acidaminococcaceae,Acidaminococcus,Acidaminococcus timonensis,Acidaminococcus timonensis,5,0,0,0,0,2,25
NA,Pseudomonadota,Betaproteobacteria,Burkholderiales,Comamonadaceae,Acidovorax,Acidovorax soli,Acidovorax soli,6,0,0,0,0,1,6
NA,Pseudomonadota,Gammaproteobacteria,Moraxellales,Moraxellaceae,Acinetobacter,Acinetobacter johnsonii,Acinetobacter johnsonii,7,0,0,0,0,17,71
NA,Actinomycetota,Actinomycetes,Actinomycetales,Actinomycetaceae,Actinomyces,Actinomyces urogenitalis,Actinomyces urogenitalis,8,0,0,0,0,0,2
NA,Bacillota,Clostridia,Eubacteriales,Acutalibacteraceae,Acutalibacter,Acutalibacter muris,Acutalibacter muris,9,42,42,27,48,16,21
NA,Actinomycetota,Coriobacteriia,Eggerthellales,Eggerthellaceae,Adlercreutzia,Adlercreutzia caecimuris,Adlercreutzia caecimuris,10,0,0,0,0,0,7
NA,Actinomycetota,Coriobacteriia,Eggerthellales,Eggerthellaceae,Adlercreutzia,Adlercreutzia equolifaciens,Adlercreutzia equolifaciens,11,0,0,0,0,9304,35036
NA,Actinomycetota,Coriobacteriia,Eggerthellales,Eggerthellaceae,Adlercreutzia,Adlercreutzia mucosicola,Adlercreutzia mucosicola,12,0,0,0,0,1,0
NA,Bacillota,Tissierellia,Tissierellales,Peptoniphilaceae,Aedoeadaptatus,Aedoeadaptatus coxii,Aedoeadaptatus coxii,13,0,0,0,0,0,3
NA,Bacillota,Tissierellia,Tissierellales,Peptoniphilaceae,Aedoeadaptatus,Aedoeadaptatus urinae,Aedoeadaptatus urinae,14,0,0,0,0,0,1
NA,Bacillota,Bacilli,Lactobacillales,Aerococcaceae,Aerococcus,Aerococcus christensenii,Aerococcus christensenii,15,0,0,0,0,0,1
NA,Pseudomonadota,Gammaproteobacteria,Aeromonadales,Aeromonadaceae,Aeromonas,Aeromonas schubertii,Aeromonas schubertii,16,0,0,0,0,0,6
NA,Bacillota,Clostridia,Lachnospirales,Lachnospiraceae,Agathobacter,Agathobacter rectalis,Agathobacter rectalis,17,510063,767267,1013723,467466,219299,378794
NA,Bacillota,Clostridia,Eubacteriales,Butyricicoccaceae,Agathobaculum,Agathobaculum desmolans,Agathobaculum desmolans,18,20,52,18,34,108,255
NA,Uroviricota,Caudoviricetes,NA,NA,Aguilavirus,Aguilavirus mEp213,Aguilavirus mEp213,19,0,0,0,0,3,3
NA,Verrucomicrobiota,Verrucomicrobiia,Verrucomicrobiales,Akkermansiaceae,Akkermansia,Akkermansia muciniphila,Akkermansia muciniphila,20,0,0,0,0,70357,112847
NA,Pseudomonadota,Betaproteobacteria,Burkholderiales,Comamonadaceae,Alicycliphilus,Alicycliphilus denitrificans,Alicycliphilus denitrificans,21,0,0,0,0,2,19
NA,Bacteroidota,Bacteroidia,Bacteroidales,Rikenellaceae,Alistipes,Alistipes communis,Alistipes communis,22,0,0,0,0,36,48
NA,Bacteroidota,Bacteroidia,Bacteroidales,Rikenellaceae,Alistipes,Alistipes finegoldii,Alistipes finegoldii,23,12,18,43,9,33095,65800
NA,Bacteroidota,Bacteroidia,Bacteroidales,Rikenellaceae,Alistipes,Alistipes ihumii,Alistipes ihumii,24,0,0,0,0,5,34
NA,Bacteroidota,Bacteroidia,Bacteroidales,Rikenellaceae,Alistipes,Alistipes indistinctus,Alistipes indistinctus,25,0,0,0,0,0,1
NA,Bacteroidota,Bacteroidia,Bacteroidales,Rikenellaceae,Alistipes,Alistipes inops,Alistipes inops,26,0,0,0,0,11349,42761
NA,Bacteroidota,Bacteroidia,Bacteroidales,Rikenellaceae,Alistipes,Alistipes putredinis,Alistipes putredinis,27,295249,443977,733734,266519,131274,210433
NA,Bacteroidota,Bacteroidia,Bacteroidales,Rikenellaceae,Alistipes,Alistipes senegalensis,Alistipes senegalensis,28,5,5,18,4,107,262
NA,Bacteroidota,Bacteroidia,Bacteroidales,Rikenellaceae,Alistipes,Alistipes shahii,Alistipes shahii,29,64,88,188,50,16453,45407
NA,Bacteroidota,Bacteroidia,Bacteroidales,Rikenellaceae,Alistipes,Alistipes timonensis,Alistipes timonensis,30,0,0,0,0,5,14
NA,Bacillota,Clostridia,Eubacteriales,Oscillospiraceae,Allofournierella,Allofournierella massiliensis,Allofournierella massiliensis,31,4150,5562,5737,6211,361,474
NA,Bacillota,Bacilli,Lactobacillales,Carnobacteriaceae,Allofustis,Allofustis seminis,Allofustis seminis,32,0,0,0,0,0,1
NA,Bacteroidota,Bacteroidia,Bacteroidales,Prevotellaceae,Alloprevotella,Alloprevotella rava,Alloprevotella rava,33,0,0,0,0,8,8
NA,Bacteroidota,Bacteroidia,Bacteroidales,Prevotellaceae,Alloprevotella,Alloprevotella tannerae,Alloprevotella tannerae,34,0,0,0,0,23,117
NA,Actinomycetota,Actinomycetes,Bifidobacteriales,Bifidobacteriaceae,Alloscardovia,Alloscardovia criceti,Alloscardovia criceti,35,0,0,0,0,21,41
NA,Actinomycetota,Actinomycetes,Bifidobacteriales,Bifidobacteriaceae,Alloscardovia,Alloscardovia omnicolens,Alloscardovia omnicolens,36,0,0,0,0,38,57
NA,Bacillota,Clostridia,Peptostreptococcales,Anaerovoracaceae,Alterileibacterium,Alterileibacterium massiliense,Alterileibacterium massiliense,37,0,0,0,0,13,22
NA,Bacillota,Erysipelotrichia,Erysipelotrichales,Erysipelotrichaceae,Amedibacillus,Amedibacillus dolichus,Amedibacillus dolichus,38,106,192,98,216,133,456
NA,Bacillota,Bacilli,Lactobacillales,Lactobacillaceae,Amylolactobacillus,Amylolactobacillus amylophilus,Amylolactobacillus amylophilus,39,0,0,0,0,0,2
NA,Bacillota,Clostridia,Lachnospirales,Lachnospiraceae,Anaerobium,Anaerobium acetethylicum,Anaerobium acetethylicum,40,0,0,0,0,0,3
NA,Bacillota,Clostridia,Lachnospirales,Lachnospiraceae,Anaerobutyricum,Anaerobutyricum hallii,Anaerobutyricum hallii,41,18,43,15,32,59385,104274
NA,Bacillota,Tissierellia,Tissierellales,Peptoniphilaceae,Anaerococcus,Anaerococcus lactolyticus,Anaerococcus lactolyticus,42,0,0,0,0,0,90
NA,Bacillota,Tissierellia,Tissierellales,Peptoniphilaceae,Anaerococcus,Anaerococcus mediterraneensis,Anaerococcus mediterraneensis,43,0,0,0,0,1,7
NA,Bacillota,Tissierellia,Tissierellales,Peptoniphilaceae,Anaerococcus,Anaerococcus obesiensis,Anaerococcus obesiensis,44,0,0,0,0,104,428
NA,Bacillota,Tissierellia,Tissierellales,Peptoniphilaceae,Anaerococcus,Anaerococcus prevotii,Anaerococcus prevotii,45,0,0,0,0,5,22
NA,Bacillota,Tissierellia,Tissierellales,Peptoniphilaceae,Anaerococcus,Anaerococcus provencensis,Anaerococcus provencensis,46,0,0,0,0,25,7
NA,Bacillota,Tissierellia,Tissierellales,Peptoniphilaceae,Anaerococcus,Anaerococcus tetradius,Anaerococcus tetradius,47,0,0,0,0,2,28
NA,Bacillota,Tissierellia,Tissierellales,Peptoniphilaceae,Anaerosphaera,Anaerosphaera aminiphila,Anaerosphaera aminiphila,48,0,0,0,0,1,1
NA,Bacillota,Clostridia,Lachnospirales,Lachnospiraceae,Anaerostipes,Anaerostipes caccae,Anaerostipes caccae,49,0,0,0,0,73,114
NA,Bacillota,Clostridia,Lachnospirales,Lachnospiraceae,Anaerostipes,Anaerostipes hadrus,Anaerostipes hadrus,50,137,183,127,549,63985,92065
NA,Bacillota,Clostridia,Lachnospirales,Anaerotignaceae,Anaerotignum,Anaerotignum lactatifermentans,Anaerotignum lactatifermentans,51,1353,965,1054,1280,578,897
NA,Bacillota,Clostridia,Lachnospirales,Anaerotignaceae,Anaerotignum,Anaerotignum neopropionicum,Anaerotignum neopropionicum,52,447,804,324,574,163,236
NA,Bacillota,Clostridia,Eubacteriales,Oscillospiraceae,Anaerotruncus,Anaerotruncus colihominis,Anaerotruncus colihominis,53,7,20,4,13,280,1091
NA,Bacillota,Clostridia,Eubacteriales,Oscillospiraceae,Anaerotruncus,Anaerotruncus rubiinfantis,Anaerotruncus rubiinfantis,54,0,0,1,438,0,1
NA,Bacillota,Tissierellia,Tissierellales,Gottschalkiaceae,Andreesenia,Andreesenia angusta,Andreesenia angusta,55,0,0,0,0,254,422
NA,Bacillota,Clostridia,Eubacteriales,Oscillospiraceae,Angelakisella,Angelakisella massiliensis,Angelakisella massiliensis,56,1371,3136,2237,6257,1353,2133
NA,Ascomycota,Eurotiomycetes,Eurotiales,Aspergillaceae,Aspergillus,Aspergillus clavatus,Aspergillus clavatus,57,0,0,0,0,17,31
NA,Actinomycetota,Coriobacteriia,Coriobacteriales,Atopobiaceae,Atopobium,Atopobium deltae,Atopobium deltae,58,0,0,0,0,0,3
NA,Bacillota,Bacilli,Lactobacillales,Carnobacteriaceae,Atopococcus,Atopococcus tabaci,Atopococcus tabaci,59,0,0,0,0,0,2
NA,Bacillota,Bacilli,Bacillales,Bacillaceae,Bacillus,Bacillus coahuilensis,Bacillus coahuilensis,60,0,0,0,0,10,13
NA,Bacillota,Bacilli,Bacillales,Bacillaceae,Bacillus,Bacillus thermotolerans,Bacillus thermotolerans,61,0,0,260,0,0,0
NA,Bacteroidota,Bacteroidia,Bacteroidales,Bacteroidaceae,Bacteroides,Bacteroides caccae,Bacteroides caccae,62,0,0,0,1,68495,109606
NA,Bacteroidota,Bacteroidia,Bacteroidales,Bacteroidaceae,Bacteroides,Bacteroides cellulosilyticus,Bacteroides cellulosilyticus,63,733,1404,2110,825,53849,96632
NA,Bacteroidota,Bacteroidia,Bacteroidales,Bacteroidaceae,Bacteroides,Bacteroides faecichinchillae,Bacteroides faecichinchillae,64,330,498,970,549,498,1159
NA,Bacteroidota,Bacteroidia,Bacteroidales,Bacteroidaceae,Bacteroides,Bacteroides fluxus,Bacteroides fluxus,65,1284,1950,3785,1090,1127,2238
NA,Bacteroidota,Bacteroidia,Bacteroidales,Bacteroidaceae,Bacteroides,Bacteroides fragilis,Bacteroides fragilis,66,2763,4089,7881,2540,45501,83279
NA,Bacteroidota,Bacteroidia,Bacteroidales,Bacteroidaceae,Bacteroides,Bacteroides ihuae,Bacteroides ihuae,67,50,58,131,39,26,30
NA,Bacteroidota,Bacteroidia,Bacteroidales,Bacteroidaceae,Bacteroides,Bacteroides luti,Bacteroides luti,68,0,0,0,0,2,12
NA,Bacteroidota,Bacteroidia,Bacteroidales,Bacteroidaceae,Bacteroides,Bacteroides neonati,Bacteroides neonati,69,0,0,0,0,0,1
NA,Bacteroidota,Bacteroidia,Bacteroidales,Bacteroidaceae,Bacteroides,Bacteroides nordii,Bacteroides nordii,70,70,155,185,63,1020,2353
NA,Bacteroidota,Bacteroidia,Bacteroidales,Bacteroidaceae,Bacteroides,Bacteroides ovatus,Bacteroides ovatus,71,124,186,404,144,124468,203714
NA,Bacteroidota,Bacteroidia,Bacteroidales,Bacteroidaceae,Bacteroides,Bacteroides reticulotermitis,Bacteroides reticulotermitis,72,1,0,3,0,363,565
NA,Bacteroidota,Bacteroidia,Bacteroidales,Bacteroidaceae,Bacteroides,Bacteroides salyersiae,Bacteroides salyersiae,73,507,754,1713,767,10618,37634
NA,Bacteroidota,Bacteroidia,Bacteroidales,Bacteroidaceae,Bacteroides,Bacteroides stercoris,Bacteroides stercoris,74,42,77,248,51,88859,144998
NA,Bacteroidota,Bacteroidia,Bacteroidales,Bacteroidaceae,Bacteroides,Bacteroides thetaiotaomicron,Bacteroides thetaiotaomicron,75,2392,3637,7336,2113,86847,152161
NA,Bacteroidota,Bacteroidia,Bacteroidales,Bacteroidaceae,Bacteroides,Bacteroides uniformis,Bacteroides uniformis,76,858421,1292099,1328038,1655595,381949,617196
NA,Bacillota,Clostridia,Lachnospirales,Lachnospiraceae,Bariatricus,Bariatricus massiliensis,Bariatricus massiliensis,77,32,45,38,56,57,187
NA,Bacteroidota,Bacteroidia,Bacteroidales,Barnesiellaceae,Barnesiella,Barnesiella intestinihominis,Barnesiella intestinihominis,78,0,0,0,0,59202,81358
NA,Bacteroidota,Bacteroidia,Bacteroidales,Barnesiellaceae,Barnesiella,Barnesiella viscericola,Barnesiella viscericola,79,0,0,0,0,21,46
NA,Bacillota,Bacilli,Lactobacillales,Enterococcaceae,Bavariicoccus,Bavariicoccus seileri,Bavariicoccus seileri,80,0,0,0,0,1,0
NA,Bacillota,Erysipelotrichia,Erysipelotrichales,Erysipelotrichaceae,Beduini,Beduini massiliensis,Beduini massiliensis,81,0,0,0,0,0,9
NA,Actinomycetota,Actinomycetes,Bifidobacteriales,Bifidobacteriaceae,Bifidobacterium,Bifidobacterium actinocoloniiforme,Bifidobacterium actinocoloniiforme,82,3,0,17,0,0,0
NA,Actinomycetota,Actinomycetes,Bifidobacteriales,Bifidobacteriaceae,Bifidobacterium,Bifidobacterium adolescentis,Bifidobacterium adolescentis,83,282469,425032,604243,255015,123378,199611
NA,Actinomycetota,Actinomycetes,Bifidobacteriales,Bifidobacteriaceae,Bifidobacterium,Bifidobacterium aesculapii,Bifidobacterium aesculapii,84,0,0,0,0,12,9
NA,Actinomycetota,Actinomycetes,Bifidobacteriales,Bifidobacteriaceae,Bifidobacterium,Bifidobacterium angulatum,Bifidobacterium angulatum,85,29,38,32,19,5317,19796
NA,Actinomycetota,Actinomycetes,Bifidobacteriales,Bifidobacteriaceae,Bifidobacterium,Bifidobacterium biavatii,Bifidobacterium biavatii,86,0,0,0,0,12,49
NA,Actinomycetota,Actinomycetes,Bifidobacteriales,Bifidobacteriaceae,Bifidobacterium,Bifidobacterium bifidum,Bifidobacterium bifidum,87,0,0,0,0,15491,25048
NA,Actinomycetota,Actinomycetes,Bifidobacteriales,Bifidobacteriaceae,Bifidobacterium,Bifidobacterium breve,Bifidobacterium breve,88,0,0,0,0,1182,1983
NA,Actinomycetota,Actinomycetes,Bifidobacteriales,Bifidobacteriaceae,Bifidobacterium,Bifidobacterium callitrichos,Bifidobacterium callitrichos,89,0,0,0,0,8,28
NA,Actinomycetota,Actinomycetes,Bifidobacteriales,Bifidobacteriaceae,Bifidobacterium,Bifidobacterium choerinum,Bifidobacterium choerinum,90,0,0,0,0,8,36
NA,Actinomycetota,Actinomycetes,Bifidobacteriales,Bifidobacteriaceae,Bifidobacterium,Bifidobacterium commune,Bifidobacterium commune,91,0,0,0,0,1,0
NA,Actinomycetota,Actinomycetes,Bifidobacteriales,Bifidobacteriaceae,Bifidobacterium,Bifidobacterium coryneforme,Bifidobacterium coryneforme,92,0,1,0,0,0,0
NA,Actinomycetota,Actinomycetes,Bifidobacteriales,Bifidobacteriaceae,Bifidobacterium,Bifidobacterium cuniculi,Bifidobacterium cuniculi,93,0,0,0,0,4,12
NA,Actinomycetota,Actinomycetes,Bifidobacteriales,Bifidobacteriaceae,Bifidobacterium,Bifidobacterium dentium,Bifidobacterium dentium,94,0,1,0,0,197,562
NA,Actinomycetota,Actinomycetes,Bifidobacteriales,Bifidobacteriaceae,Bifidobacterium,Bifidobacterium gallicum,Bifidobacterium gallicum,95,0,0,0,0,1,7
NA,Actinomycetota,Actinomycetes,Bifidobacteriales,Bifidobacteriaceae,Bifidobacterium,Bifidobacterium lemurum,Bifidobacterium lemurum,96,0,0,0,0,2,2
NA,Actinomycetota,Actinomycetes,Bifidobacteriales,Bifidobacteriaceae,Bifidobacterium,Bifidobacterium longum,Bifidobacterium longum,97,0,5,2,2,62450,100384
NA,Actinomycetota,Actinomycetes,Bifidobacteriales,Bifidobacteriaceae,Bifidobacterium,Bifidobacterium magnum,Bifidobacterium magnum,98,0,0,0,0,0,3
NA,Actinomycetota,Actinomycetes,Bifidobacteriales,Bifidobacteriaceae,Bifidobacterium,Bifidobacterium mongoliense,Bifidobacterium mongoliense,99,0,0,0,0,0,6
NA,Actinomycetota,Actinomycetes,Bifidobacteriales,Bifidobacteriaceae,Bifidobacterium,Bifidobacterium pseudolongum,Bifidobacterium pseudolongum,100,0,0,0,2,83,330
NA,Actinomycetota,Actinomycetes,Bifidobacteriales,Bifidobacteriaceae,Bifidobacterium,Bifidobacterium pullorum,Bifidobacterium pullorum,101,0,0,0,0,28,59
NA,Actinomycetota,Actinomycetes,Bifidobacteriales,Bifidobacteriaceae,Bifidobacterium,Bifidobacterium reuteri,Bifidobacterium reuteri,102,1,0,0,0,295,425
NA,Actinomycetota,Actinomycetes,Bifidobacteriales,Bifidobacteriaceae,Bifidobacterium,Bifidobacterium saguini,Bifidobacterium saguini,103,0,0,0,0,127,214
NA,Actinomycetota,Actinomycetes,Bifidobacteriales,Bifidobacteriaceae,Bifidobacterium,Bifidobacterium scardovii,Bifidobacterium scardovii,104,5,5,0,2,108,171
NA,Actinomycetota,Actinomycetes,Bifidobacteriales,Bifidobacteriaceae,Bifidobacterium,Bifidobacterium stellenboschense,Bifidobacterium stellenboschense,105,0,0,0,0,40,80
NA,Actinomycetota,Actinomycetes,Bifidobacteriales,Bifidobacteriaceae,Bifidobacterium,Bifidobacterium subtile,Bifidobacterium subtile,106,0,0,0,0,12,26
NA,Actinomycetota,Actinomycetes,Bifidobacteriales,Bifidobacteriaceae,Bifidobacterium,Bifidobacterium tsurumiense,Bifidobacterium tsurumiense,107,0,0,2,0,8,15
NA,Thermodesulfobacteriota,Desulfovibrionia,Desulfovibrionales,Desulfovibrionaceae,Bilophila,Bilophila wadsworthia,Bilophila wadsworthia,108,0,0,0,0,4,16
NA,Bacillota,Clostridia,Eubacteriales,Oscillospiraceae,Bittarella (ex Durand et al. 2017),Bittarella massiliensis (ex Durand et al. 2017),Bittarella massiliensis (ex Durand et al. 2017),109,25,32,20,43,14,16
NA,Bacillota,Clostridia,Lachnospirales,Lachnospiraceae,Blautia,Blautia hansenii,Blautia hansenii,110,16,33,36,71,1606,4605
NA,Bacillota,Clostridia,Lachnospirales,Lachnospiraceae,Blautia,Blautia hydrogenotrophica,Blautia hydrogenotrophica,111,443,668,481,628,177,256
NA,Bacillota,Clostridia,Lachnospirales,Lachnospiraceae,Blautia,Blautia obeum,Blautia obeum,112,2266,3345,3292,6108,82697,154057
NA,Bacillota,Clostridia,Lachnospirales,Lachnospiraceae,Blautia,Blautia producta,Blautia producta,113,0,0,0,0,145,377
NA,Pseudomonadota,Betaproteobacteria,Burkholderiales,Comamonadaceae,Brachymonas,Brachymonas chironomi,Brachymonas chironomi,114,0,0,0,0,0,1
NA,Spirochaetota,Spirochaetia,Brachyspirales,Brachyspiraceae,Brachyspira,Brachyspira pilosicoli,Brachyspira pilosicoli,115,0,0,0,0,2,3
NA,Pseudomonadota,Gammaproteobacteria,Enterobacterales,Pectobacteriaceae,Brenneria,Brenneria goodwinii,Brenneria goodwinii,116,0,0,0,0,0,15
NA,Uroviricota,Caudoviricetes,NA,Aliceevansviridae,Brussowvirus,Brussowvirus bvO1205,Brussowvirus bvO1205,117,0,0,0,0,6,9
NA,Pseudomonadota,Gammaproteobacteria,Enterobacterales,Enterobacteriaceae,Buttiauxella,Buttiauxella ferragutiae,Buttiauxella ferragutiae,118,0,0,0,0,1,1
NA,Bacillota,Clostridia,Eubacteriales,Butyricicoccaceae,Butyricicoccus,Butyricicoccus pullicaecorum,Butyricicoccus pullicaecorum,119,6,10,11,12,31,41
NA,Bacteroidota,Bacteroidia,Bacteroidales,Odoribacteraceae,Butyricimonas,Butyricimonas synergistica,Butyricimonas synergistica,120,67,122,231,66,36,48
NA,Bacillota,Clostridia,Lachnospirales,Lachnospiraceae,Butyrivibrio,Butyrivibrio hungatei,Butyrivibrio hungatei,121,2,0,0,0,1,0
NA,Uroviricota,Caudoviricetes,NA,NA,Byrnievirus,Byrnievirus HK97,Byrnievirus HK97,122,0,0,0,0,2,4
NA,Bacteroidota,Flavobacteriia,Flavobacteriales,Flavobacteriaceae,Capnocytophaga,Capnocytophaga cynodegmi,Capnocytophaga cynodegmi,123,0,0,0,0,0,1
NA,Bacillota,Bacilli,Lactobacillales,Carnobacteriaceae,Carnobacterium,Carnobacterium gallinarum,Carnobacterium gallinarum,124,0,0,0,0,0,1
NA,Bacillota,Bacilli,Lactobacillales,Carnobacteriaceae,Carnobacterium,Carnobacterium jeotgali,Carnobacterium jeotgali,125,0,0,0,0,1,1
NA,Bacillota,Bacilli,Lactobacillales,Carnobacteriaceae,Carnobacterium,Carnobacterium maltaromaticum,Carnobacterium maltaromaticum,126,0,0,0,0,7,36
NA,Bacillota,Bacilli,Lactobacillales,Carnobacteriaceae,Carnobacterium,Carnobacterium mobile,Carnobacterium mobile,127,0,0,0,0,0,1
NA,Pseudomonadota,Gammaproteobacteria,Enterobacterales,Enterobacteriaceae,Cedecea,Cedecea neteri,Cedecea neteri,128,0,0,0,0,5,60
NA,Actinomycetota,Actinomycetes,Micrococcales,Cellulomonadaceae,Cellulomonas,Cellulomonas carbonis,Cellulomonas carbonis,129,28,35,82,23,17,24
NA,Bacillota,Clostridia,Christensenellales,Christensenellaceae,Christensenella,Christensenella minuta,Christensenella minuta,130,0,0,0,0,104,491
NA,Bacillota,Clostridia,Christensenellales,Christensenellaceae,Christensenella,Christensenella timonensis,Christensenella timonensis,131,58,138,36,83,8,5
NA,Bacillota,Clostridia,Peptostreptococcales,Peptostreptococcaceae,Clostridioides,Clostridioides difficile,Clostridioides difficile,132,0,0,0,0,96,198
NA,Bacillota,Clostridia,Lachnospirales,Lachnospiraceae,Lachnoclostridium,Clostridium aminophilum,Clostridium aminophilum,133,0,0,0,0,19,39
NA,Bacillota,Clostridia,Eubacteriales,Clostridiaceae,Clostridium,Clostridium disporicum,Clostridium disporicum,134,0,0,0,0,0,1
NA,Bacillota,Clostridia,Eubacteriales,Clostridiaceae,Clostridium,Clostridium lundense,Clostridium lundense,135,18,26,78,16,6,10
NA,Bacillota,Clostridia,Eubacteriales,Clostridiaceae,Clostridium,Clostridium phoceensis,Clostridium phoceensis,136,428,699,818,1290,406,519
NA,Bacillota,Clostridia,Lachnospirales,Lachnospiraceae,Lachnoclostridium,Clostridium scindens,Clostridium scindens,137,0,1,0,2,10,34
NA,Bacillota,Clostridia,Lachnospirales,Lachnospiraceae,Lachnoclostridium,Clostridium symbiosum,Clostridium symbiosum,138,158,167,400,198,122,465
NA,Actinomycetota,Coriobacteriia,Coriobacteriales,Coriobacteriaceae,Collinsella,Collinsella aerofaciens,Collinsella aerofaciens,139,303117,455998,708989,273752,130279,209630
NA,Actinomycetota,Coriobacteriia,Coriobacteriales,Coriobacteriaceae,Collinsella,Collinsella bouchesdurhonensis,Collinsella bouchesdurhonensis,140,0,0,0,0,58,210
NA,Actinomycetota,Coriobacteriia,Coriobacteriales,Coriobacteriaceae,Collinsella,Collinsella ihumii,Collinsella ihumii,141,11,24,35,16,5,8
NA,Actinomycetota,Coriobacteriia,Coriobacteriales,Coriobacteriaceae,Collinsella,Collinsella tanakaei,Collinsella tanakaei,142,0,0,0,0,1,0
NA,Pseudomonadota,Betaproteobacteria,Burkholderiales,Comamonadaceae,Comamonas,Comamonas composti,Comamonas composti,143,0,0,0,0,1,1
NA,Pseudomonadota,Betaproteobacteria,Burkholderiales,Comamonadaceae,Comamonas,Comamonas kerstersii,Comamonas kerstersii,144,0,0,0,0,2,8
NA,Pseudomonadota,Betaproteobacteria,Burkholderiales,Comamonadaceae,Comamonas,Comamonas testosteroni,Comamonas testosteroni,145,0,0,0,0,0,21
NA,Bacteroidota,Bacteroidia,Bacteroidales,Barnesiellaceae,Coprobacter,Coprobacter fastidiosus,Coprobacter fastidiosus,146,25,33,77,24,18,71
NA,Bacillota,Clostridia,Lachnospirales,Lachnospiraceae,Coprococcus,Coprococcus eutactus,Coprococcus eutactus,147,595,846,1162,1108,53372,81989
NA,Actinomycetota,Actinomycetes,Mycobacteriales,Corynebacteriaceae,Corynebacterium,Corynebacterium accolens,Corynebacterium accolens,148,0,0,0,0,1,0
NA,Actinomycetota,Actinomycetes,Mycobacteriales,Corynebacteriaceae,Corynebacterium,Corynebacterium imitans,Corynebacterium imitans,149,0,0,0,0,2,0
NA,Actinomycetota,Actinomycetes,Mycobacteriales,Corynebacteriaceae,Corynebacterium,Corynebacterium lipophiloflavum,Corynebacterium lipophiloflavum,150,0,0,0,0,1,2
NA,Cyanobacteriota,Cyanophyceae,Chroococcales,Aphanothecaceae,Crocosphaera,Crocosphaera watsonii,Crocosphaera watsonii,151,0,0,0,0,0,1
NA,Pseudomonadota,Gammaproteobacteria,Enterobacterales,Enterobacteriaceae,Cronobacter,Cronobacter sakazakii,Cronobacter sakazakii,152,0,0,0,0,32,73
NA,Uroviricota,Caudoviricetes,NA,NA,Cuauhtlivirus,Cuauhtlivirus mEpX1,Cuauhtlivirus mEpX1,153,0,0,0,0,24,45
NA,Bacteroidota,Bacteroidia,Bacteroidales,Odoribacteraceae,Culturomica,Culturomica massiliensis,Culturomica massiliensis,154,0,0,0,0,142,311
NA,Pseudomonadota,Betaproteobacteria,Burkholderiales,Burkholderiaceae,Cupriavidus,Cupriavidus basilensis,Cupriavidus basilensis,155,0,0,0,0,193,739
NA,Pseudomonadota,Betaproteobacteria,Burkholderiales,Burkholderiaceae,Cupriavidus,Cupriavidus metallidurans,Cupriavidus metallidurans,156,0,0,0,0,11956,45386
NA,Pseudomonadota,Betaproteobacteria,Burkholderiales,Burkholderiaceae,Cupriavidus,Cupriavidus necator,Cupriavidus necator,157,0,0,0,0,2,3
NA,Pseudomonadota,Betaproteobacteria,Burkholderiales,Burkholderiaceae,Cupriavidus,Cupriavidus pauculus,Cupriavidus pauculus,158,0,0,0,0,0,9
NA,Pseudomonadota,Betaproteobacteria,Burkholderiales,Sutterellaceae,Dakarella,Dakarella massiliensis,Dakarella massiliensis,159,0,4,0,0,0,0
NA,Pseudomonadota,Betaproteobacteria,Rhodocyclales,Azonexaceae,Dechloromonas,Dechloromonas agitata,Dechloromonas agitata,160,0,0,0,0,7,2
NA,Pseudomonadota,Betaproteobacteria,Burkholderiales,Comamonadaceae,Delftia,Delftia acidovorans,Delftia acidovorans,161,0,0,0,0,0,6
NA,Actinomycetota,Coriobacteriia,Eggerthellales,Eggerthellaceae,Denitrobacterium,Denitrobacterium detoxificans,Denitrobacterium detoxificans,162,0,0,0,0,0,5
NA,Bacillota,Clostridia,Eubacteriales,Desulfitobacteriaceae,Desulfitobacterium,Desulfitobacterium dichloroeliminans,Desulfitobacterium dichloroeliminans,163,0,0,0,0,79,111
NA,Thermodesulfobacteriota,Desulfovibrionia,Desulfovibrionales,Desulfovibrionaceae,Desulfovibrio,Desulfovibrio piger,Desulfovibrio piger,164,0,0,0,0,2686,10382
NA,Bacillota,Negativicutes,Veillonellales,Veillonellaceae,Dialister,Dialister invisus,Dialister invisus,165,0,0,0,0,4559,17178
NA,Bacillota,Negativicutes,Veillonellales,Veillonellaceae,Dialister,Dialister succinatiphilus,Dialister succinatiphilus,166,0,0,0,0,109,221
NA,Pseudomonadota,Betaproteobacteria,Burkholderiales,Comamonadaceae,Diaphorobacter,Diaphorobacter nitroreducens,Diaphorobacter nitroreducens,167,0,0,0,0,0,1
NA,Pseudomonadota,Gammaproteobacteria,Enterobacterales,Pectobacteriaceae,Dickeya,Dickeya parazeae,Dickeya parazeae,168,0,0,0,0,2,24
NA,Pseudomonadota,Gammaproteobacteria,Enterobacterales,Pectobacteriaceae,Dickeya,Dickeya solani,Dickeya solani,169,0,0,0,0,7,6
NA,Uroviricota,Caudoviricetes,NA,NA,Diegovirus,Diegovirus dv7502Stx,Diegovirus dv7502Stx,170,0,0,0,0,7,10
NA,Uroviricota,Caudoviricetes,NA,NA,Diegovirus,Diegovirus POCJ13,Diegovirus POCJ13,171,0,0,0,0,1,1
NA,Bacillota,Erysipelotrichia,Erysipelotrichales,Erysipelotrichaceae,Dielma,Dielma fastidiosa,Dielma fastidiosa,172,0,0,0,0,1,0
NA,Bacillota,Clostridia,Lachnospirales,Lachnospiraceae,Dorea,Dorea formicigenerans,Dorea formicigenerans,173,12,19,22,31,23761,53608
NA,Bacillota,Clostridia,Lachnospirales,Lachnospiraceae,Dorea,Dorea longicatena,Dorea longicatena,174,0,0,0,0,73599,125033
NA,Pseudomonadota,Gammaproteobacteria,Enterobacterales,Hafniaceae,Edwardsiella,Edwardsiella anguillarum,Edwardsiella anguillarum,175,0,0,0,0,24,414
NA,Actinomycetota,Coriobacteriia,Eggerthellales,Eggerthellaceae,Eggerthella,Eggerthella lenta,Eggerthella lenta,176,0,0,0,0,5095,20223
NA,Bacillota,Clostridia,Lachnospirales,Lachnospiraceae,Eisenbergiella,Eisenbergiella tayi,Eisenbergiella tayi,177,0,0,0,0,10,53
NA,Bacillota,Clostridia,Peptostreptococcales,Anaerovoracaceae,Emergencia,Emergencia timonensis,Emergencia timonensis,178,0,0,0,0,456,834
NA,Actinomycetota,Coriobacteriia,Coriobacteriales,Coriobacteriaceae,Enorma,Enorma massiliensis,Enorma massiliensis,179,0,0,4,0,0,0
NA,Pseudomonadota,Gammaproteobacteria,Enterobacterales,Enterobacteriaceae,Enterobacter,Enterobacter hormaechei,Enterobacter hormaechei,180,0,0,0,0,73,274
NA,Pseudomonadota,Gammaproteobacteria,Enterobacterales,Enterobacteriaceae,Enterobacter,Enterobacter kobei,Enterobacter kobei,181,0,0,0,0,10,48
NA,Pseudomonadota,Gammaproteobacteria,Enterobacterales,Enterobacteriaceae,Pluralibacter,Enterobacter lignolyticus,Enterobacter lignolyticus,182,0,0,0,0,157,658
NA,Uroviricota,Caudoviricetes,NA,NA,NA,Enterobacteria phage cdtI,Enterobacteria phage cdtI,183,0,0,0,0,27,36
NA,Uroviricota,Caudoviricetes,NA,NA,NA,Enterobacteria phage mEp237,Enterobacteria phage mEp237,184,0,0,0,0,0,1
NA,Uroviricota,Caudoviricetes,NA,NA,NA,Enterobacteria phage mEp460,Enterobacteria phage mEp460,185,0,0,0,0,188,305
NA,Uroviricota,Caudoviricetes,NA,NA,NA,Enterobacteria phage SfI,Enterobacteria phage SfI,186,0,0,0,0,5,7
NA,Uroviricota,Caudoviricetes,NA,NA,NA,Enterobacteria phage SfV,Enterobacteria phage SfV,187,0,0,0,0,0,1
NA,Bacillota,Clostridia,Lachnospirales,Lachnospiraceae,Enterocloster,Enterocloster asparagiformis,Enterocloster asparagiformis,188,0,0,0,0,30,120
NA,Bacillota,Clostridia,Lachnospirales,Lachnospiraceae,Enterocloster,Enterocloster bolteae,Enterocloster bolteae,189,0,0,0,2,221,540
NA,Bacillota,Clostridia,Lachnospirales,Lachnospiraceae,Enterocloster,Enterocloster citroniae,Enterocloster citroniae,190,2,11,9,13,26,49
NA,Bacillota,Bacilli,Lactobacillales,Enterococcaceae,Enterococcus,Enterococcus asini,Enterococcus asini,191,0,0,0,0,0,4
NA,Bacillota,Bacilli,Lactobacillales,Enterococcaceae,Enterococcus,Enterococcus casseliflavus,Enterococcus casseliflavus,192,0,0,0,0,28,113
NA,Bacillota,Bacilli,Lactobacillales,Enterococcaceae,Enterococcus,Enterococcus cecorum,Enterococcus cecorum,193,9,28,81,19,20,45
NA,Bacillota,Bacilli,Lactobacillales,Enterococcaceae,Enterococcus,Enterococcus dispar,Enterococcus dispar,194,0,0,0,0,0,1
NA,Bacillota,Bacilli,Lactobacillales,Enterococcaceae,Enterococcus,Enterococcus faecalis,Enterococcus faecalis,195,0,0,0,0,31,125
NA,Bacillota,Bacilli,Lactobacillales,Enterococcaceae,Enterococcus,Enterococcus faecium,Enterococcus faecium,196,0,0,0,0,3859,14586
NA,Bacillota,Bacilli,Lactobacillales,Enterococcaceae,Enterococcus,Enterococcus gilvus,Enterococcus gilvus,197,0,0,0,0,98,190
NA,Bacillota,Bacilli,Lactobacillales,Enterococcaceae,Enterococcus,Enterococcus hirae,Enterococcus hirae,198,0,0,0,0,21,62
NA,Bacillota,Bacilli,Lactobacillales,Enterococcaceae,Enterococcus,Enterococcus italicus,Enterococcus italicus,199,0,0,0,0,16,9
NA,Bacillota,Bacilli,Lactobacillales,Enterococcaceae,Enterococcus,Enterococcus malodoratus,Enterococcus malodoratus,200,0,0,0,0,3,18
NA,Bacillota,Bacilli,Lactobacillales,Enterococcaceae,Enterococcus,Enterococcus massiliensis,Enterococcus massiliensis,201,0,0,0,0,1,8
NA,Bacillota,Bacilli,Lactobacillales,Enterococcaceae,Enterococcus,Enterococcus mundtii,Enterococcus mundtii,202,0,0,0,0,0,4
NA,Bacillota,Bacilli,Lactobacillales,Enterococcaceae,Enterococcus,Enterococcus pallens,Enterococcus pallens,203,0,0,0,0,7,22
NA,Bacillota,Bacilli,Lactobacillales,Enterococcaceae,Enterococcus,Enterococcus saccharolyticus,Enterococcus saccharolyticus,204,0,0,0,0,1,0
NA,Bacillota,Bacilli,Lactobacillales,Enterococcaceae,Enterococcus,Enterococcus thailandicus,Enterococcus thailandicus,205,0,0,0,0,1,3
NA,Pseudomonadota,Gammaproteobacteria,Enterobacterales,Enterobacteriaceae,Entomohabitans,Entomohabitans teleogrylli,Entomohabitans teleogrylli,206,0,0,0,0,7,17
NA,Pseudomonadota,Gammaproteobacteria,Enterobacterales,Erwiniaceae,Erwinia,Erwinia mallotivora,Erwinia mallotivora,207,0,0,0,0,0,3
NA,Pseudomonadota,Gammaproteobacteria,Enterobacterales,Erwiniaceae,Erwinia,Erwinia oleae,Erwinia oleae,208,0,0,0,0,36,164
NA,Pseudomonadota,Gammaproteobacteria,Enterobacterales,Erwiniaceae,Erwinia,Erwinia tracheiphila,Erwinia tracheiphila,209,0,0,0,0,17,46
NA,Uroviricota,Caudoviricetes,NA,NA,NA,Escherichia phage TL-2011b,Escherichia phage TL-2011b,210,0,0,0,0,0,1
NA,Uroviricota,Caudoviricetes,NA,NA,Traversvirus,Escherichia Stx1 converting phage,Escherichia Stx1 converting phage,211,0,0,0,0,26,51
NA,Uroviricota,Caudoviricetes,NA,NA,Lambdavirus,Escherichia virus DE3,Escherichia virus DE3,212,0,0,0,0,0,12
NA,Bacillota,Clostridia,Lachnospirales,Lachnospiraceae,Eshraghiella,Eshraghiella crossota,Eshraghiella crossota,213,383,605,625,336,33732,55583
NA,Bacillota,Clostridia,Eubacteriales,Oscillospiraceae,Ethanoligenens,Ethanoligenens harbinense,Ethanoligenens harbinense,214,2,8,7,9,2,3
NA,Bacillota,Clostridia,Eubacteriales,Eubacteriaceae,Eubacterium,Eubacterium coprostanoligenes,Eubacterium coprostanoligenes,215,15,35,17,47,8,20
NA,Bacillota,Clostridia,Eubacteriales,Eubacteriaceae,Eubacterium,Eubacterium oxidoreducens,Eubacterium oxidoreducens,216,0,0,0,0,6,10
NA,Bacillota,Clostridia,Eubacteriales,Eubacteriaceae,Eubacterium,Eubacterium pyruvativorans,Eubacterium pyruvativorans,217,0,1,1,0,0,0
NA,Bacillota,Clostridia,Eubacteriales,Eubacteriaceae,Eubacterium,Eubacterium ramulus,Eubacterium ramulus,218,6,8,6,7,8419,33193
NA,Bacillota,Clostridia,Eubacteriales,Eubacteriaceae,Eubacterium,Eubacterium ruminantium,Eubacterium ruminantium,219,0,0,0,0,0,1
NA,Bacillota,Clostridia,Eubacteriales,Eubacteriaceae,Eubacterium,Eubacterium uniforme,Eubacterium uniforme,220,0,0,0,0,1,0
NA,Bacillota,Clostridia,Eubacteriales,Eubacteriaceae,Eubacterium,Eubacterium ventriosum,Eubacterium ventriosum,221,27,50,82,73,6287,21362
NA,Bacillota,Tissierellia,NA,NA,Ezakiella,Ezakiella massiliensis,Ezakiella massiliensis,222,0,0,0,0,3,19
NA,Bacillota,Bacilli,Lactobacillales,Aerococcaceae,Facklamia,Facklamia hominis,Facklamia hominis,223,0,0,0,0,1,0
NA,Bacillota,Bacilli,Lactobacillales,Aerococcaceae,Facklamia,Facklamia languida,Facklamia languida,224,0,0,0,0,0,3
NA,Bacillota,Clostridia,Eubacteriales,Oscillospiraceae,Faecalibacterium,Faecalibacterium duncaniae,Faecalibacterium duncaniae,225,89648,134169,100519,179622,42671,68073
NA,Bacillota,Erysipelotrichia,Erysipelotrichales,Erysipelotrichaceae,Faecalibaculum,Faecalibaculum rodentium,Faecalibaculum rodentium,226,0,0,0,0,1,1
NA,Bacillota,Clostridia,Lachnospirales,Lachnospiraceae,Faecalicatena,Faecalicatena contorta,Faecalicatena contorta,227,3328,4995,3205,5707,947,1070
NA,Bacillota,Erysipelotrichia,Erysipelotrichales,Erysipelotrichaceae,Faecalicoccus,Faecalicoccus pleomorphus,Faecalicoccus pleomorphus,228,43,57,273,262,10,20
NA,Bacillota,Bacilli,Lactobacillales,Aerococcaceae,Falseniella,Falseniella ignava,Falseniella ignava,229,0,0,0,0,2,44
NA,Uroviricota,Caudoviricetes,NA,Peduoviridae,Felsduovirus,Felsduovirus RE2010,Felsduovirus RE2010,230,0,0,0,0,2,0
NA,Bacillota,Clostridia,Eubacteriales,NA,Fenollaria,Fenollaria massiliensis,Fenollaria massiliensis,231,0,0,0,0,0,1
NA,Bacillota,Clostridia,Eubacteriales,NA,Fenollaria,Fenollaria timonensis,Fenollaria timonensis,232,0,0,0,0,0,1
NA,Bacillota,Tissierellia,Tissierellales,Peptoniphilaceae,Finegoldia,Finegoldia magna,Finegoldia magna,233,0,0,0,0,1051,3858
NA,Bacteroidota,Flavobacteriia,Flavobacteriales,Flavobacteriaceae,Flavobacterium,Flavobacterium indicum,Flavobacterium indicum,234,0,0,0,0,0,1
NA,Bacillota,Clostridia,Eubacteriales,Oscillospiraceae,Flavonifractor,Flavonifractor plautii,Flavonifractor plautii,235,4,8,9,16,10254,36563
NA,Ascomycota,Sordariomycetes,Hypocreales,Nectriaceae,Fusarium,Fusarium proliferatum,Fusarium proliferatum,236,0,0,0,0,1,0
NA,Bacillota,Clostridia,Lachnospirales,Lachnospiraceae,Fusicatenibacter,Fusicatenibacter saccharivorans,Fusicatenibacter saccharivorans,237,3826,1045,3006,7118,142664,200356
NA,Bacillota,Clostridia,Eubacteriales,NA,Gemmiger,Gemmiger formicilis,Gemmiger formicilis,238,9956,14618,11233,18894,16625,54278
NA,Actinomycetota,Actinomycetes,Actinomycetales,Actinomycetaceae,Gleimia,Gleimia coleocanis,Gleimia coleocanis,239,0,0,0,0,1,2
NA,Actinomycetota,Coriobacteriia,Eggerthellales,Eggerthellaceae,Gordonibacter,Gordonibacter pamelaeae,Gordonibacter pamelaeae,240,0,0,0,0,4643,16504
NA,Bacillota,Bacilli,Bacillales,Paenibacillaceae,Gorillibacterium,Gorillibacterium massiliense,Gorillibacterium massiliense,241,0,0,0,0,0,2
NA,Bacillota,Bacilli,Lactobacillales,Carnobacteriaceae,Granulicatella,Granulicatella elegans,Granulicatella elegans,242,0,0,0,0,1,0
NA,Pseudomonadota,Gammaproteobacteria,Pasteurellales,Pasteurellaceae,Haemophilus,Haemophilus ducreyi,Haemophilus ducreyi,243,0,0,0,0,1,0
NA,Pseudomonadota,Gammaproteobacteria,Pasteurellales,Pasteurellaceae,Haemophilus,Haemophilus sputorum,Haemophilus sputorum,244,0,0,0,0,42,189
NA,Bacteroidota,Bacteroidia,Bacteroidales,Prevotellaceae,Hallella,Hallella bergensis,Hallella bergensis,245,0,0,0,0,73,283
NA,Bacteroidota,Bacteroidia,Bacteroidales,Prevotellaceae,Hallella,Hallella multisaccharivorax,Hallella multisaccharivorax,246,0,0,0,0,1,3
NA,Bacillota,Tissierellia,Tissierellales,Peptoniphilaceae,Helcococcus,Helcococcus kunzii,Helcococcus kunzii,247,0,0,0,0,0,20
NA,Bacillota,Tissierellia,Tissierellales,Peptoniphilaceae,Helcococcus,Helcococcus sueciensis,Helcococcus sueciensis,248,0,0,0,0,3,9
NA,Bacillota,Clostridia,Lachnospirales,Lachnospiraceae,Hespellia,Hespellia stercorisuis,Hespellia stercorisuis,249,0,0,0,0,114,166
NA,Bacillota,Bacilli,Bacillales,Bacillaceae,Heyndrickxia,Heyndrickxia acidiproducens,Heyndrickxia acidiproducens,250,0,0,0,0,0,6
NA,Bacillota,Erysipelotrichia,Erysipelotrichales,Erysipelotrichaceae,Holdemanella,Holdemanella biformis,Holdemanella biformis,251,0,0,0,0,9419,35285
NA,Bacillota,Erysipelotrichia,Erysipelotrichales,Erysipelotrichaceae,Holdemania,Holdemania massiliensis,Holdemania massiliensis,252,432,1187,480,1566,344,291
NA,Bacteroidota,Bacteroidia,Bacteroidales,Prevotellaceae,Hoylesella,Hoylesella buccalis,Hoylesella buccalis,253,0,0,0,0,3777,18190
NA,Bacteroidota,Bacteroidia,Bacteroidales,Prevotellaceae,Hoylesella,Hoylesella enoeca,Hoylesella enoeca,254,0,0,0,0,0,4
NA,Bacteroidota,Bacteroidia,Bacteroidales,Prevotellaceae,Hoylesella,Hoylesella marshii,Hoylesella marshii,255,0,0,0,0,6,4
NA,Bacteroidota,Bacteroidia,Bacteroidales,Prevotellaceae,Hoylesella,Hoylesella nanceiensis,Hoylesella nanceiensis,256,0,0,0,0,153,241
NA,Bacteroidota,Bacteroidia,Bacteroidales,Prevotellaceae,Hoylesella,Hoylesella oralis,Hoylesella oralis,257,0,0,0,0,2,4
NA,Bacteroidota,Bacteroidia,Bacteroidales,Prevotellaceae,Hoylesella,Hoylesella saccharolytica,Hoylesella saccharolytica,258,0,0,0,0,2,31
NA,Bacteroidota,Bacteroidia,Bacteroidales,Prevotellaceae,Hoylesella,Hoylesella shahii,Hoylesella shahii,259,0,0,0,0,1,2
NA,Bacteroidota,Bacteroidia,Bacteroidales,Prevotellaceae,Hoylesella,Hoylesella timonensis,Hoylesella timonensis,260,0,0,0,0,5239,15253
NA,Bacillota,Clostridia,Lachnospirales,Lachnospiraceae,Hungatella,Hungatella hathewayi,Hungatella hathewayi,261,63,87,83,152,430,1007
NA,Bacillota,Clostridia,Peptostreptococcales,Peptostreptococcaceae,Intestinibacter,Intestinibacter bartlettii,Intestinibacter bartlettii,262,0,0,0,0,6410,23515
NA,Bacillota,Clostridia,Eubacteriales,NA,Intestinimonas,Intestinimonas butyriciproducens,Intestinimonas butyriciproducens,263,64,66,57,72,38,48
NA,Bacillota,Clostridia,Lachnospirales,Lachnospiraceae,Johnsonella,Johnsonella ignava,Johnsonella ignava,264,13,25,19,59,50,117
NA,Bacillota,Erysipelotrichia,Erysipelotrichales,Coprobacillaceae,Kandleria,Kandleria vitulina,Kandleria vitulina,265,0,0,0,0,107,428
NA,Pseudomonadota,Betaproteobacteria,Burkholderiales,Alcaligenaceae,Kerstersia,Kerstersia gyiorum,Kerstersia gyiorum,266,0,0,0,0,0,1
NA,Pseudomonadota,Gammaproteobacteria,Enterobacterales,Enterobacteriaceae,Kluyvera,Kluyvera ascorbata,Kluyvera ascorbata,267,0,0,0,0,27,108
NA,Pseudomonadota,Gammaproteobacteria,Enterobacterales,Enterobacteriaceae,Kluyvera,Kluyvera cryocrescens,Kluyvera cryocrescens,268,0,0,0,0,373,1396
NA,Pseudomonadota,Gammaproteobacteria,Enterobacterales,Enterobacteriaceae,Kosakonia,Kosakonia cowanii,Kosakonia cowanii,269,0,0,0,0,39,235
NA,Pseudomonadota,Gammaproteobacteria,Enterobacterales,Enterobacteriaceae,Kosakonia,Kosakonia sacchari,Kosakonia sacchari,270,0,0,0,0,4,32
NA,Uroviricota,Caudoviricetes,NA,NA,Kwaitsingvirus,Kwaitsingvirus HK446,Kwaitsingvirus HK446,271,0,0,0,0,1,1
NA,Uroviricota,Caudoviricetes,NA,NA,Kwaitsingvirus,Kwaitsingvirus HK544,Kwaitsingvirus HK544,272,0,0,0,0,16,29
NA,Bacillota,Clostridia,Lachnospirales,Lachnospiraceae,Lachnoanaerobaculum,Lachnoanaerobaculum saburreum,Lachnoanaerobaculum saburreum,273,0,0,2,0,6,15
NA,Bacillota,Clostridia,Lachnospirales,Lachnospiraceae,Lachnobacterium,Lachnobacterium bovis,Lachnobacterium bovis,274,0,0,0,0,17,22
NA,Bacillota,Clostridia,Lachnospirales,Lachnospiraceae,Lachnoclostridium,Lachnoclostridium phocaeense,Lachnoclostridium phocaeense,275,235,327,141,318,311,332
NA,Bacillota,Clostridia,Lachnospirales,Lachnospiraceae,Lachnoclostridium,Lachnoclostridium phytofermentans,Lachnoclostridium phytofermentans,276,0,0,0,0,2,2
NA,Bacillota,Clostridia,Lachnospirales,Lachnospiraceae,Lachnospira,Lachnospira eligens,Lachnospira eligens,277,0,0,0,0,53446,85280
NA,Bacillota,Clostridia,Lachnospirales,Lachnospiraceae,Lachnospira,Lachnospira multipara,Lachnospira multipara,278,0,0,0,0,26292,42151
NA,Bacillota,Bacilli,Lactobacillales,Lactobacillaceae,Lactiplantibacillus,Lactiplantibacillus plantarum,Lactiplantibacillus plantarum,279,0,0,0,0,5,3
NA,Bacillota,Bacilli,Lactobacillales,Lactobacillaceae,Lactobacillus,Lactobacillus amylovorus,Lactobacillus amylovorus,280,0,0,1,0,0,0
NA,Bacillota,Bacilli,Lactobacillales,Lactobacillaceae,Lactobacillus,Lactobacillus pasteurii,Lactobacillus pasteurii,281,8,0,0,0,0,0
NA,Bacillota,Bacilli,Lactobacillales,Streptococcaceae,Lactococcus,Lactococcus piscium,Lactococcus piscium,282,0,0,0,0,1,5
NA,Bacillota,Clostridia,Eubacteriales,Clostridiaceae,Lactonifactor,Lactonifactor longoviformis,Lactonifactor longoviformis,283,92,52,143,83,28,57
NA,Bacillota,Tissierellia,Tissierellales,Peptoniphilaceae,Lagierella,Lagierella massiliensis,Lagierella massiliensis,284,0,0,0,0,1,2
NA,Uroviricota,Caudoviricetes,NA,NA,Lambdavirus,Lambdavirus HK629,Lambdavirus HK629,285,0,0,0,0,0,3
NA,Uroviricota,Caudoviricetes,NA,NA,Lambdavirus,Lambdavirus lambda,Lambdavirus lambda,286,0,0,0,0,2,0
NA,Pseudomonadota,Gammaproteobacteria,Chromatiales,Chromatiaceae,Lamprocystis,Lamprocystis purpurea,Lamprocystis purpurea,287,0,0,0,0,4,7
NA,Uroviricota,Caudoviricetes,NA,NA,Lederbergvirus,Lederbergvirus HK620,Lederbergvirus HK620,288,0,0,0,0,1,0
NA,Uroviricota,Caudoviricetes,NA,NA,Lederbergvirus,Lederbergvirus Sf6,Lederbergvirus Sf6,289,0,0,0,0,0,3
NA,Bacillota,Bacilli,Lactobacillales,Lactobacillaceae,Lentilactobacillus,Lentilactobacillus parafarraginis,Lentilactobacillus parafarraginis,290,0,0,0,0,0,1
NA,Cyanobacteriota,Cyanophyceae,Leptolyngbyales,Leptolyngbyaceae,Leptolyngbya,Leptolyngbya ohadii,Leptolyngbya ohadii,291,0,0,0,0,0,2
NA,Bacillota,Bacilli,Lactobacillales,Lactobacillaceae,Leuconostoc,Leuconostoc citreum,Leuconostoc citreum,292,0,0,0,0,0,3
NA,Bacillota,Bacilli,Lactobacillales,Lactobacillaceae,Leuconostoc,Leuconostoc lactis,Leuconostoc lactis,293,0,0,0,0,5,5
NA,Bacillota,Bacilli,Lactobacillales,Lactobacillaceae,Leuconostoc,Leuconostoc mesenteroides,Leuconostoc mesenteroides,294,0,0,0,0,1,0
NA,Bacillota,Clostridia,Eubacteriales,NA,Levyella,Levyella massiliensis,Levyella massiliensis,295,0,0,0,0,7,10
NA,Bacteroidota,Bacteroidia,Bacteroidales,Prevotellaceae,Leyella,Leyella stercorea,Leyella stercorea,296,10123,15119,31184,9097,29668,46911
NA,Bacillota,Bacilli,Lactobacillales,Lactobacillaceae,Ligilactobacillus,Ligilactobacillus ruminis,Ligilactobacillus ruminis,297,0,0,0,0,5124,19297
NA,Bacillota,Bacilli,Lactobacillales,Lactobacillaceae,Limosilactobacillus,Limosilactobacillus mucosae,Limosilactobacillus mucosae,298,2,0,0,13,3,3
NA,Bacillota,Bacilli,Lactobacillales,Lactobacillaceae,Limosilactobacillus,Limosilactobacillus vaginalis,Limosilactobacillus vaginalis,299,0,0,0,0,7,11
NA,Bacillota,Bacilli,Lactobacillales,Lactobacillaceae,Liquorilactobacillus,Liquorilactobacillus hordei,Liquorilactobacillus hordei,300,0,0,0,0,4,0
NA,Bacillota,Bacilli,Lactobacillales,Lactobacillaceae,Liquorilactobacillus,Liquorilactobacillus uvarum,Liquorilactobacillus uvarum,301,0,0,0,0,0,13
NA,Pseudomonadota,Gammaproteobacteria,Enterobacterales,Pectobacteriaceae,Lonsdalea,Lonsdalea quercina,Lonsdalea quercina,302,0,0,0,0,6,3
NA,Pseudomonadota,Gammaproteobacteria,Enterobacterales,Enterobacteriaceae,Mangrovibacter,Mangrovibacter phragmitis,Mangrovibacter phragmitis,303,0,0,0,0,5,16
NA,Uroviricota,Caudoviricetes,NA,NA,Marienburgvirus,Marienburgvirus BP4795,Marienburgvirus BP4795,304,0,0,0,0,169,219
NA,Bacillota,Bacilli,Lactobacillales,Carnobacteriaceae,Marinilactibacillus,Marinilactibacillus piezotolerans,Marinilactibacillus piezotolerans,305,0,0,0,0,2,7
NA,Bacteroidota,Bacteroidia,Marinilabiliales,Prolixibacteraceae,Mariniphaga,Mariniphaga anaerophila,Mariniphaga anaerophila,306,0,0,0,0,2,0
NA,Bacillota,Clostridia,Lachnospirales,Lachnospiraceae,Marvinbryantia,Marvinbryantia formatexigens,Marvinbryantia formatexigens,307,0,0,0,3,49,136
NA,Bacillota,Clostridia,Eubacteriales,Oscillospiraceae,Massiliimalia,Massiliimalia massiliensis,Massiliimalia massiliensis,308,0,0,0,0,0,2
NA,Bacillota,Erysipelotrichia,Erysipelotrichales,Erysipelotrichaceae,Massilimicrobiota,Massilimicrobiota timonensis,Massilimicrobiota timonensis,309,0,0,0,0,3,25
NA,Bacillota,Clostridia,Eubacteriales,Clostridiaceae,Massilioclostridium,Massilioclostridium coli,Massilioclostridium coli,310,0,0,4,2,9,18
NA,Bacteroidota,Bacteroidia,Bacteroidales,Bacteroidaceae,Mediterranea,Mediterranea massiliensis,Mediterranea massiliensis,311,7,6,13,3,235,689
NA,Bacillota,Clostridia,Lachnospirales,Lachnospiraceae,Mediterraneibacter,Mediterraneibacter gnavus,Mediterraneibacter gnavus,312,4,8,5,5,12441,46240
NA,Bacillota,Negativicutes,Veillonellales,Veillonellaceae,Megasphaera,Megasphaera elsdenii,Megasphaera elsdenii,313,0,0,0,0,2756,9870
NA,Bacillota,Negativicutes,Veillonellales,Veillonellaceae,Megasphaera,Megasphaera lornae,Megasphaera lornae,314,0,0,0,0,1,0
NA,Bacillota,Negativicutes,Veillonellales,Veillonellaceae,Megasphaera,Megasphaera massiliensis,Megasphaera massiliensis,315,0,0,0,0,0,1
NA,Pseudomonadota,Betaproteobacteria,Burkholderiales,Comamonadaceae,Melaminivora,Melaminivora alkalimesophila,Melaminivora alkalimesophila,316,0,0,0,0,0,1
NA,Bacillota,Erysipelotrichia,Erysipelotrichales,Erysipelotrichaceae,Merdibacter,Merdibacter massiliensis,Merdibacter massiliensis,317,78,107,67,136,63,84
NA,Bacillota,Clostridia,Eubacteriales,Oscillospiraceae,Merdimmobilis,Merdimmobilis hominis,Merdimmobilis hominis,318,13,32,34,34,1,10
NA,Bacillota,Clostridia,Lachnospirales,Lachnospiraceae,Merdimonas,Merdimonas faecis,Merdimonas faecis,319,17,11,7,19,132,243
NA,Pseudomonadota,Gammaproteobacteria,Pseudomonadales,Pseudomonadaceae,Metapseudomonas,Metapseudomonas otitidis,Metapseudomonas otitidis,320,0,0,0,0,0,1
NA,Actinomycetota,Actinomycetes,Micrococcales,Microbacteriaceae,Microbacterium,Microbacterium mangrovi,Microbacterium mangrovi,321,0,0,0,0,7,14
NA,Bacillota,Negativicutes,Selenomonadales,Selenomonadaceae,Mitsuokella,Mitsuokella multacida,Mitsuokella multacida,322,0,0,0,0,0,1
NA,Pseudomonadota,Gammaproteobacteria,Enterobacterales,Morganellaceae,Moellerella,Moellerella wisconsensis,Moellerella wisconsensis,323,0,0,0,0,4,5
NA,Pseudomonadota,Gammaproteobacteria,Enterobacterales,Morganellaceae,Morganella,Morganella morganii,Morganella morganii,324,0,0,0,0,0,2
NA,Bacillota,Tissierellia,Tissierellales,Peptoniphilaceae,Murdochiella,Murdochiella massiliensis,Murdochiella massiliensis,325,0,0,0,0,0,1
NA,Bacteroidota,Bacteroidia,Bacteroidales,Muribaculaceae,Muribaculum,Muribaculum intestinale,Muribaculum intestinale,326,0,0,0,0,20,79
NA,Actinomycetota,Actinomycetes,Mycobacteriales,Mycobacteriaceae,Mycolicibacterium,Mycolicibacterium malmesburyense,Mycolicibacterium malmesburyense,327,0,0,0,0,0,1
NA,Bacillota,NA,NA,NA,Ndongobacter,Ndongobacter massiliensis,Ndongobacter massiliensis,328,0,0,0,0,4,4
NA,Bacillota,NA,NA,NA,Negativibacillus,Negativibacillus massiliensis,Negativibacillus massiliensis,329,10,5,3,9,37,68
NA,Bacillota,Clostridia,Eubacteriales,Oscillospiraceae,Neglectibacter,Neglectibacter timonensis,Neglectibacter timonensis,330,13,2,1,6,3,0
NA,Bacillota,Clostridia,Eubacteriales,NA,Neofamilia,Neofamilia massiliensis,Neofamilia massiliensis,331,0,0,0,0,10,24
NA,Pseudomonadota,Gammaproteobacteria,Oceanospirillales,Oceanospirillaceae,Neptunomonas,Neptunomonas antarctica,Neptunomonas antarctica,332,0,0,0,0,0,1
NA,Thermomicrobiota,Thermomicrobia,Sphaerobacterales,Sphaerobacteraceae,Nitrolancea,Nitrolancea hollandica,Nitrolancea hollandica,333,0,0,0,0,2,6
NA,Pseudomonadota,Gammaproteobacteria,Enterobacterales,Hafniaceae,Obesumbacterium,Obesumbacterium proteus,Obesumbacterium proteus,334,0,0,0,0,34,59
NA,Fusobacteriota,Fusobacteriia,Fusobacteriales,Leptotrichiaceae,Oceanivirga,Oceanivirga salmonicida,Oceanivirga salmonicida,335,0,0,0,0,14,51
NA,Pseudomonadota,Gammaproteobacteria,Oceanospirillales,Oceanospirillaceae,Oceanospirillum,Oceanospirillum linum,Oceanospirillum linum,336,0,0,0,0,12,11
NA,Bacteroidota,Bacteroidia,Bacteroidales,Odoribacteraceae,Odoribacter,Odoribacter laneus,Odoribacter laneus,337,0,0,0,0,128,118
NA,Bacteroidota,Bacteroidia,Bacteroidales,Odoribacteraceae,Odoribacter,Odoribacter splanchnicus,Odoribacter splanchnicus,338,25,27,57,8,31836,51515
NA,Actinomycetota,Coriobacteriia,Coriobacteriales,Coriobacteriaceae,Olegusella,Olegusella massiliensis,Olegusella massiliensis,339,0,0,0,0,1,0
NA,Bacillota,Clostridia,Halanaerobiales,Halobacteroidaceae,Orenia,Orenia metallireducens,Orenia metallireducens,340,0,0,0,0,2,2
NA,Bacillota,Clostridia,Lachnospirales,Lachnospiraceae,Oribacterium,Oribacterium parvum,Oribacterium parvum,341,15,21,17,35,4,12
NA,Uroviricota,Caudoviricetes,NA,NA,Oslovirus,Oslovirus ov191,Oslovirus ov191,342,0,0,0,0,3,9
NA,Uroviricota,Caudoviricetes,NA,NA,Oslovirus,Oslovirus PA2,Oslovirus PA2,343,0,0,0,0,24,21
NA,Uroviricota,Caudoviricetes,NA,NA,Oslovirus,Oslovirus VASD,Oslovirus VASD,344,0,0,0,0,0,4
NA,Pseudomonadota,Betaproteobacteria,Burkholderiales,Comamonadaceae,Paenacidovorax,Paenacidovorax caeni,Paenacidovorax caeni,345,0,0,0,0,1,0
NA,Actinomycetota,Actinomycetes,Micrococcales,Micrococcaceae,Paenarthrobacter,Paenarthrobacter aurescens,Paenarthrobacter aurescens,346,0,0,0,0,0,1
NA,Bacillota,Bacilli,Bacillales,Paenibacillaceae,Paenibacillus,Paenibacillus durus,Paenibacillus durus,347,0,0,0,0,1,0
NA,Bacillota,Bacilli,Bacillales,Paenibacillaceae,Paenibacillus,Paenibacillus odorifer,Paenibacillus odorifer,348,0,0,0,0,1,0
NA,Bacillota,Bacilli,Bacillales,Paenibacillaceae,Paenibacillus,Paenibacillus stellifer,Paenibacillus stellifer,349,0,0,0,0,1,0
NA,Uroviricota,Caudoviricetes,NA,NA,Pankowvirus,Pankowvirus pv1717,Pankowvirus pv1717,350,0,0,0,0,328,524
NA,Uroviricota,Caudoviricetes,NA,NA,Pankowvirus,Pankowvirus YYZ2008,Pankowvirus YYZ2008,351,0,0,0,0,2176,3662
NA,Pseudomonadota,Gammaproteobacteria,Enterobacterales,Erwiniaceae,Pantoea,Pantoea alhagi,Pantoea alhagi,352,0,0,0,0,0,2
NA,Pseudomonadota,Gammaproteobacteria,Enterobacterales,Erwiniaceae,Pantoea,Pantoea dispersa,Pantoea dispersa,353,0,0,0,0,2,9
NA,Pseudomonadota,Gammaproteobacteria,Enterobacterales,Erwiniaceae,Pantoea,Pantoea rwandensis,Pantoea rwandensis,354,0,0,0,0,0,3
NA,Pseudomonadota,Gammaproteobacteria,Enterobacterales,Erwiniaceae,Pantoea,Pantoea septica,Pantoea septica,355,0,0,0,0,1,2
NA,Bacteroidota,Bacteroidia,Bacteroidales,Tannerellaceae,Parabacteroides,Parabacteroides distasonis,Parabacteroides distasonis,356,18,21,34,10,81215,130884
NA,Bacteroidota,Bacteroidia,Bacteroidales,Tannerellaceae,Parabacteroides,Parabacteroides goldsteinii,Parabacteroides goldsteinii,357,0,0,0,0,83,160
NA,Bacteroidota,Bacteroidia,Bacteroidales,Tannerellaceae,Parabacteroides,Parabacteroides johnsonii,Parabacteroides johnsonii,358,2260,4363,8850,2428,12015,19165
NA,Phixviricota,Malgrandaviricetes,Petitvirales,Microviridae,NA,Parabacteroides phage YZ-2015b,Parabacteroides phage YZ-2015b,359,0,0,0,0,12,19
NA,Bacillota,Clostridia,Peptostreptococcales,Peptostreptococcaceae,Paraclostridium,Paraclostridium bifermentans,Paraclostridium bifermentans,360,0,0,0,0,1,0
NA,Bacillota,Clostridia,Peptostreptococcales,Peptostreptococcaceae,Paraclostridium,Paraclostridium sordellii,Paraclostridium sordellii,361,0,0,0,0,0,3
NA,Actinomycetota,Coriobacteriia,Coriobacteriales,Atopobiaceae,Parafannyhessea,Parafannyhessea umbonata,Parafannyhessea umbonata,362,0,0,0,0,11,43
NA,Bacteroidota,Bacteroidia,Bacteroidales,Prevotellaceae,Paraprevotella,Paraprevotella xylaniphila,Paraprevotella xylaniphila,363,1,7,14,5,6888,25139
NA,Pseudomonadota,Betaproteobacteria,Burkholderiales,Sutterellaceae,Parasutterella,Parasutterella excrementihominis,Parasutterella excrementihominis,364,0,0,0,0,7640,28689
NA,Actinomycetota,Coriobacteriia,Coriobacteriales,Atopobiaceae,Parolsenella,Parolsenella massiliensis,Parolsenella massiliensis,365,0,0,0,0,24,39
NA,Uroviricota,Caudoviricetes,NA,Peduoviridae,Peduovirus,Peduovirus fiAA91ss,Peduovirus fiAA91ss,366,0,0,0,0,0,2
NA,Uroviricota,Caudoviricetes,NA,Peduoviridae,Peduovirus,Peduovirus pro483,Peduovirus pro483,367,0,0,0,0,16,10
NA,Bacillota,Clostridia,Peptostreptococcales,Peptostreptococcaceae,Peptacetobacter,Peptacetobacter hiranonis,Peptacetobacter hiranonis,368,0,0,0,0,1,3
NA,Bacillota,Tissierellia,Tissierellales,Peptoniphilaceae,Peptoniphilus,Peptoniphilus asaccharolyticus,Peptoniphilus asaccharolyticus,369,0,0,0,0,1,1
NA,Bacillota,Tissierellia,Tissierellales,Peptoniphilaceae,Peptoniphilus,Peptoniphilus duerdenii,Peptoniphilus duerdenii,370,0,0,0,0,2,10
NA,Bacillota,Tissierellia,Tissierellales,Peptoniphilaceae,Peptoniphilus,Peptoniphilus faecalis,Peptoniphilus faecalis,371,0,0,0,0,1,4
NA,Bacillota,Tissierellia,Tissierellales,Peptoniphilaceae,Peptoniphilus,Peptoniphilus grossensis,Peptoniphilus grossensis,372,0,0,0,0,10,6
NA,Bacillota,Tissierellia,Tissierellales,Peptoniphilaceae,Peptoniphilus,Peptoniphilus harei,Peptoniphilus harei,373,0,0,0,0,2,0
NA,Bacillota,Tissierellia,Tissierellales,Peptoniphilaceae,Peptoniphilus,Peptoniphilus indolicus,Peptoniphilus indolicus,374,0,0,0,0,3,4
NA,Bacillota,Tissierellia,Tissierellales,Peptoniphilaceae,Peptoniphilus,Peptoniphilus lacrimalis,Peptoniphilus lacrimalis,375,0,0,0,0,69,205
NA,Bacillota,Tissierellia,Tissierellales,Peptoniphilaceae,Peptoniphilus,Peptoniphilus obesi,Peptoniphilus obesi,376,0,0,0,0,3,6
NA,Bacillota,Tissierellia,Tissierellales,Peptoniphilaceae,Peptoniphilus,Peptoniphilus rhinitidis,Peptoniphilus rhinitidis,377,0,0,0,0,23,116
NA,Bacillota,Tissierellia,Tissierellales,Peptoniphilaceae,Peptoniphilus,Peptoniphilus senegalensis,Peptoniphilus senegalensis,378,0,0,0,0,0,1
NA,Bacillota,Tissierellia,Tissierellales,Peptoniphilaceae,Peptoniphilus,Peptoniphilus timonensis,Peptoniphilus timonensis,379,0,0,0,0,0,2
NA,Bacillota,Clostridia,Peptostreptococcales,Peptostreptococcaceae,Peptostreptococcus,Peptostreptococcus anaerobius,Peptostreptococcus anaerobius,380,0,0,0,0,11,41
NA,Bacillota,Clostridia,Peptostreptococcales,Peptostreptococcaceae,Peptostreptococcus,Peptostreptococcus stomatis,Peptostreptococcus stomatis,381,0,0,0,0,1,1
NA,Bacteroidota,Bacteroidia,Bacteroidales,Dysgonomonadaceae,Petrimonas,Petrimonas mucosa,Petrimonas mucosa,382,0,0,0,0,0,1
NA,Bacillota,Negativicutes,Acidaminococcales,Acidaminococcaceae,Phascolarctobacterium,Phascolarctobacterium succinatutens,Phascolarctobacterium succinatutens,383,0,0,0,0,18208,28533
NA,Bacteroidota,Bacteroidia,Bacteroidales,Bacteroidaceae,Phocaeicola,Phocaeicola barnesiae,Phocaeicola barnesiae,384,1439,847,2338,444,215,418
NA,Bacteroidota,Bacteroidia,Bacteroidales,Bacteroidaceae,Phocaeicola,Phocaeicola coprocola,Phocaeicola coprocola,385,1,3,16,4,11939,46419
NA,Bacteroidota,Bacteroidia,Bacteroidales,Bacteroidaceae,Phocaeicola,Phocaeicola coprophilus,Phocaeicola coprophilus,386,58,86,153,111,149,355
NA,Bacteroidota,Bacteroidia,Bacteroidales,Bacteroidaceae,Phocaeicola,Phocaeicola paurosaccharolyticus,Phocaeicola paurosaccharolyticus,387,0,0,0,0,34,115
NA,Bacteroidota,Bacteroidia,Bacteroidales,Bacteroidaceae,Phocaeicola,Phocaeicola plebeius,Phocaeicola plebeius,388,137,174,478,27,92273,155324
NA,Bacteroidota,Bacteroidia,Bacteroidales,Bacteroidaceae,Phocaeicola,Phocaeicola salanitronis,Phocaeicola salanitronis,389,3,7,13,4,35,99
NA,Bacteroidota,Bacteroidia,Bacteroidales,Bacteroidaceae,Phocaeicola,Phocaeicola vulgatus,Phocaeicola vulgatus,390,1395723,2099514,2356726,2418205,614085,990289
NA,Actinomycetota,Coriobacteriia,Eggerthellales,Eggerthellaceae,Phoenicibacter,Phoenicibacter congonensis,Phoenicibacter congonensis,391,0,0,0,0,7,38
NA,Pseudomonadota,Gammaproteobacteria,Enterobacterales,Morganellaceae,Photorhabdus,Photorhabdus thracensis,Photorhabdus thracensis,392,0,0,0,0,0,2
NA,Pseudomonadota,Gammaproteobacteria,Enterobacterales,Enterobacteriaceae,Plesiomonas,Plesiomonas shigelloides,Plesiomonas shigelloides,393,0,0,0,0,0,11
NA,Pseudomonadota,Gammaproteobacteria,Enterobacterales,Enterobacteriaceae,Pluralibacter,Pluralibacter gergoviae,Pluralibacter gergoviae,394,0,0,0,0,41,145
NA,Bacillota,Bacilli,Bacillales,Bacillaceae,Pontibacillus,Pontibacillus litoralis,Pontibacillus litoralis,395,0,0,0,0,1,0
NA,Bacteroidota,Bacteroidia,Bacteroidales,Porphyromonadaceae,Porphyromonas,Porphyromonas asaccharolytica,Porphyromonas asaccharolytica,396,0,0,0,0,0,1
NA,Bacteroidota,Bacteroidia,Bacteroidales,Porphyromonadaceae,Porphyromonas,Porphyromonas cangingivalis,Porphyromonas cangingivalis,397,0,0,0,0,8,7
NA,Bacteroidota,Bacteroidia,Bacteroidales,Porphyromonadaceae,Porphyromonas,Porphyromonas circumdentaria,Porphyromonas circumdentaria,398,0,0,0,0,39,28
NA,Bacteroidota,Bacteroidia,Bacteroidales,Porphyromonadaceae,Porphyromonas,Porphyromonas crevioricanis,Porphyromonas crevioricanis,399,0,0,0,0,0,5
NA,Bacteroidota,Bacteroidia,Bacteroidales,Porphyromonadaceae,Porphyromonas,Porphyromonas endodontalis,Porphyromonas endodontalis,400,0,0,0,0,14,49
NA,Bacteroidota,Bacteroidia,Bacteroidales,Porphyromonadaceae,Porphyromonas,Porphyromonas gingivalis,Porphyromonas gingivalis,401,2,2,3,1,12,50
NA,Bacteroidota,Bacteroidia,Bacteroidales,Porphyromonadaceae,Porphyromonas,Porphyromonas levii,Porphyromonas levii,402,0,0,0,0,62,124
NA,Bacteroidota,Bacteroidia,Bacteroidales,Porphyromonadaceae,Porphyromonas,Porphyromonas somerae,Porphyromonas somerae,403,2,0,3,0,7,22
NA,Bacteroidota,Bacteroidia,Bacteroidales,Prevotellaceae,Prevotella,Prevotella amnii,Prevotella amnii,404,0,0,0,0,2,29
NA,Bacteroidota,Bacteroidia,Bacteroidales,Prevotellaceae,Prevotella,Prevotella aurantiaca,Prevotella aurantiaca,405,0,0,0,0,0,3
NA,Bacteroidota,Bacteroidia,Bacteroidales,Prevotellaceae,Prevotella,Prevotella bivia,Prevotella bivia,406,32,2,0,1,12797,52343
NA,Bacteroidota,Bacteroidia,Bacteroidales,Prevotellaceae,Prevotella,Prevotella corporis,Prevotella corporis,407,0,0,0,0,5941,14370
NA,Bacteroidota,Bacteroidia,Bacteroidales,Prevotellaceae,Prevotella,Prevotella dentalis,Prevotella dentalis,408,0,0,0,0,2,8
NA,Bacteroidota,Bacteroidia,Bacteroidales,Prevotellaceae,Prevotella,Prevotella dentasini,Prevotella dentasini,409,0,0,0,0,0,9
NA,Bacteroidota,Bacteroidia,Bacteroidales,Prevotellaceae,Prevotella,Prevotella denticola,Prevotella denticola,410,0,0,0,0,3,0
NA,Bacteroidota,Bacteroidia,Bacteroidales,Prevotellaceae,Prevotella,Prevotella disiens,Prevotella disiens,411,0,0,0,0,3258,16089
NA,Bacteroidota,Bacteroidia,Bacteroidales,Prevotellaceae,Prevotella,Prevotella falsenii,Prevotella falsenii,412,0,0,0,0,13,18
NA,Bacteroidota,Bacteroidia,Bacteroidales,Prevotellaceae,Prevotella,Prevotella fusca,Prevotella fusca,413,8,0,0,0,4,25
NA,Bacteroidota,Bacteroidia,Bacteroidales,Prevotellaceae,Prevotella,Prevotella ihumii,Prevotella ihumii,414,0,0,0,0,43,152
NA,Bacteroidota,Bacteroidia,Bacteroidales,Prevotellaceae,Prevotella,Prevotella intermedia,Prevotella intermedia,415,6,10,18,6,0,2
NA,Bacteroidota,Bacteroidia,Bacteroidales,Prevotellaceae,Prevotella,Prevotella micans,Prevotella micans,416,0,0,0,0,1,5
NA,Bacteroidota,Bacteroidia,Bacteroidales,Prevotellaceae,Prevotella,Prevotella multiformis,Prevotella multiformis,417,0,0,0,0,225,626
NA,Bacteroidota,Bacteroidia,Bacteroidales,Prevotellaceae,Prevotella,Prevotella nigrescens,Prevotella nigrescens,418,0,0,0,0,44,12
NA,Bacteroidota,Bacteroidia,Bacteroidales,Prevotellaceae,Prevotella,Prevotella pallens,Prevotella pallens,419,0,0,0,0,6,22
NA,Bacteroidota,Bacteroidia,Bacteroidales,Prevotellaceae,Prevotella,Prevotella scopos,Prevotella scopos,420,0,18,0,1,50,11
NA,Bacteroidota,Bacteroidia,Bacteroidales,Prevotellaceae,Prevotella,Prevotella veroralis,Prevotella veroralis,421,0,0,0,0,7,11
NA,Bacteroidota,Bacteroidia,Bacteroidales,Prevotellaceae,Prevotellamassilia,Prevotellamassilia timonensis,Prevotellamassilia timonensis,422,48,69,59,109,247,1018
NA,Bacillota,Negativicutes,Selenomonadales,Sporomusaceae,Propionispora,Propionispora vibrioides,Propionispora vibrioides,423,0,0,0,0,0,2
NA,Bacteroidota,Bacteroidia,Bacteroidales,Dysgonomonadaceae,Proteiniphilum,Proteiniphilum saccharofermentans,Proteiniphilum saccharofermentans,424,0,0,0,0,0,1
NA,Bacillota,Clostridia,Eubacteriales,Oscillospiraceae,Provencibacterium,Provencibacterium massiliense,Provencibacterium massiliense,425,13,20,14,23,11,27
NA,Bacillota,Clostridia,Eubacteriales,Oscillospiraceae,Pseudoflavonifractor,Pseudoflavonifractor capillosus,Pseudoflavonifractor capillosus,426,434,257,110,548,218,723
NA,Pseudomonadota,Gammaproteobacteria,Pseudomonadales,Pseudomonadaceae,Pseudomonas,Pseudomonas saudimassiliensis,Pseudomonas saudimassiliensis,427,0,0,0,0,0,4
NA,Fusobacteriota,Fusobacteriia,Fusobacteriales,Leptotrichiaceae,Pseudostreptobacillus,Pseudostreptobacillus hongkongensis,Pseudostreptobacillus hongkongensis,428,0,0,0,0,1,1
NA,Pseudomonadota,Alphaproteobacteria,Hyphomicrobiales,Stappiaceae,Pseudovibrio,Pseudovibrio stylochi,Pseudovibrio stylochi,429,0,0,0,0,3,14
NA,Basidiomycota,Ustilaginomycetes,Ustilaginales,Ustilaginaceae,Pseudozyma,Pseudozyma flocculosa,Pseudozyma flocculosa,430,0,0,0,0,0,1
NA,Uroviricota,Caudoviricetes,NA,NA,Punavirus,Punavirus RCS47,Punavirus RCS47,431,0,0,0,0,68,203
NA,Uroviricota,Caudoviricetes,NA,NA,Punavirus,Punavirus SJ46,Punavirus SJ46,432,0,0,0,0,121,327
NA,Pseudomonadota,Betaproteobacteria,Burkholderiales,Burkholderiaceae,Ralstonia,Ralstonia mannitolilytica,Ralstonia mannitolilytica,433,0,0,0,0,5,33
NA,Bacteroidota,Bacteroidia,Bacteroidales,Rikenellaceae,Rikenella,Rikenella microfusus,Rikenella microfusus,434,0,0,0,0,3,11
NA,Bacillota,Clostridia,Peptostreptococcales,Peptostreptococcaceae,Romboutsia,Romboutsia timonensis,Romboutsia timonensis,435,0,0,0,0,0,2
NA,Bacillota,Clostridia,Lachnospirales,Lachnospiraceae,Roseburia,Roseburia faecis,Roseburia faecis,436,395,1150,1094,935,129542,194510
NA,Bacillota,Clostridia,Lachnospirales,Lachnospiraceae,Roseburia,Roseburia hominis,Roseburia hominis,437,2561,6289,2507,1666,20328,78597
NA,Bacillota,Clostridia,Lachnospirales,Lachnospiraceae,Roseburia,Roseburia intestinalis,Roseburia intestinalis,438,79,369,142,178,43677,85628
NA,Bacillota,Clostridia,Lachnospirales,Lachnospiraceae,Roseburia,Roseburia inulinivorans,Roseburia inulinivorans,439,1707,2552,3933,2958,55502,75387
NA,Planctomycetota,Planctomycetia,Pirellulales,Pirellulaceae,Roseimaritima,Roseimaritima ulvae,Roseimaritima ulvae,440,0,0,0,0,1,0
NA,Bacillota,Clostridia,Eubacteriales,Oscillospiraceae,Ruminococcus,Ruminococcus bicirculans (ex Wegman et al. 2014),Ruminococcus bicirculans (ex Wegman et al. 2014),441,0,0,0,1,76,195
NA,Bacillota,Clostridia,Eubacteriales,Oscillospiraceae,Ruminococcus,Ruminococcus callidus,Ruminococcus callidus,442,81,127,146,198,71,153
NA,Bacillota,Clostridia,Eubacteriales,Oscillospiraceae,Ruminococcus,Ruminococcus gauvreauii,Ruminococcus gauvreauii,443,0,0,0,0,0,3
NA,Bacillota,Clostridia,Lachnospirales,Lachnospiraceae,Mediterraneibacter,Ruminococcus lactaris,Ruminococcus lactaris,444,0,0,0,0,18741,30170
NA,Bacillota,Clostridia,Eubacteriales,Oscillospiraceae,Ruminococcus,Ruminococcus sp. YE282,Ruminococcus sp. YE282,445,255,383,520,472,109,206
NA,Bacillota,Clostridia,Lachnospirales,Lachnospiraceae,Mediterraneibacter,Ruminococcus torques,Ruminococcus torques,446,0,3,1,2,49453,79960
NA,Bacillota,Clostridia,Eubacteriales,Oscillospiraceae,Ruthenibacterium,Ruthenibacterium lactatiformans,Ruthenibacterium lactatiformans,447,674,1013,642,3674,18570,65828
NA,Uroviricota,Caudoviricetes,NA,NA,Saikungvirus,Saikungvirus HK633,Saikungvirus HK633,448,0,0,0,0,0,1
NA,Pseudomonadota,Gammaproteobacteria,Enterobacterales,Enterobacteriaceae,Salmonella,Salmonella enterica,Salmonella enterica,449,0,0,0,0,367,1183
NA,Uroviricota,Caudoviricetes,NA,NA,Lederbergvirus,Salmonella phage vB SemP Emek,Salmonella phage vB SemP Emek,450,0,0,0,0,3,0
NA,Bacteroidota,Bacteroidia,Bacteroidales,Porphyromonadaceae,Sanguibacteroides,Sanguibacteroides justesenii,Sanguibacteroides justesenii,451,0,0,0,0,160,576
NA,Actinomycetota,Actinomycetes,Actinomycetales,Actinomycetaceae,Schaalia,Schaalia turicensis,Schaalia turicensis,452,0,0,0,0,1,6
NA,Bacteroidota,Bacteroidia,Bacteroidales,Prevotellaceae,Segatella,Segatella albensis,Segatella albensis,453,0,0,0,0,9,17
NA,Bacteroidota,Bacteroidia,Bacteroidales,Prevotellaceae,Segatella,Segatella baroniae,Segatella baroniae,454,0,0,5,12,0,0
NA,Bacteroidota,Bacteroidia,Bacteroidales,Prevotellaceae,Segatella,Segatella copri,Segatella copri,455,5030654,2523192,1027279,2368192,4968321,846500
NA,Bacteroidota,Bacteroidia,Bacteroidales,Prevotellaceae,Segatella,Segatella maculosa,Segatella maculosa,456,0,0,0,0,2,6
NA,Bacteroidota,Bacteroidia,Bacteroidales,Prevotellaceae,Segatella,Segatella salivae,Segatella salivae,457,7,0,0,0,2,2
NA,Bacillota,Clostridia,Lachnospirales,Lachnospiraceae,Sellimonas,Sellimonas intestinalis,Sellimonas intestinalis,458,0,0,0,0,2,1
NA,Actinomycetota,Coriobacteriia,Coriobacteriales,Coriobacteriaceae,Senegalimassilia,Senegalimassilia anaerobia,Senegalimassilia anaerobia,459,0,0,0,0,24,69
NA,Pseudomonadota,Gammaproteobacteria,Enterobacterales,Yersiniaceae,Serratia,Serratia fonticola,Serratia fonticola,460,0,0,0,0,0,1
NA,Pseudomonadota,Gammaproteobacteria,Enterobacterales,Yersiniaceae,Serratia,Serratia marcescens,Serratia marcescens,461,0,0,0,0,3,0
NA,Pseudomonadota,Gammaproteobacteria,Enterobacterales,Yersiniaceae,Serratia,Serratia rubidaea,Serratia rubidaea,462,0,0,0,0,11,24
NA,Uroviricota,Caudoviricetes,NA,NA,Shamshuipovirus,Shamshuipovirus mEpX2,Shamshuipovirus mEpX2,463,0,0,0,0,1,2
NA,Bacillota,Erysipelotrichia,Erysipelotrichales,Coprobacillaceae,Sharpea,Sharpea azabuensis,Sharpea azabuensis,464,0,0,0,2,22,68
NA,Pseudomonadota,Gammaproteobacteria,Enterobacterales,Enterobacteriaceae,Shigella,Shigella dysenteriae,Shigella dysenteriae,465,0,0,0,0,106562,172032
NA,Pseudomonadota,Gammaproteobacteria,Enterobacterales,Enterobacteriaceae,Shigella,Shigella flexneri,Shigella flexneri,466,0,0,0,0,9424,15192
NA,Uroviricota,Caudoviricetes,NA,NA,NA,Shigella phage SfIV,Shigella phage SfIV,467,0,0,0,0,1,0
NA,Pseudomonadota,Gammaproteobacteria,Enterobacterales,Enterobacteriaceae,Siccibacter,Siccibacter turicensis,Siccibacter turicensis,468,0,0,0,0,4,13
NA,Actinomycetota,Coriobacteriia,Eggerthellales,Eggerthellaceae,Slackia,Slackia exigua,Slackia exigua,469,0,0,0,0,0,3
NA,Actinomycetota,Coriobacteriia,Eggerthellales,Eggerthellaceae,Slackia,Slackia heliotrinireducens,Slackia heliotrinireducens,470,0,0,0,0,0,4
NA,Actinomycetota,Coriobacteriia,Eggerthellales,Eggerthellaceae,Slackia,Slackia piriformis,Slackia piriformis,471,0,0,0,0,7,30
NA,Pseudomonadota,Gammaproteobacteria,Enterobacterales,Bruguierivoracaceae,Sodalis,Sodalis praecaptivus,Sodalis praecaptivus,472,0,0,0,0,1,1
NA,Bacillota,Erysipelotrichia,Erysipelotrichales,Erysipelotrichaceae,Solobacterium,Solobacterium moorei,Solobacterium moorei,473,20,13,10,23,9,13
NA,Bacillota,Clostridia,Eubacteriales,Oscillospiraceae,Sporobacter,Sporobacter termitidis,Sporobacter termitidis,474,0,0,0,0,1,1
NA,Bacillota,Negativicutes,Selenomonadales,Sporomusaceae,Sporomusa,Sporomusa malonica,Sporomusa malonica,475,0,0,0,0,1,7
NA,Bacillota,Bacilli,Bacillales,Planococcaceae,Sporosarcina,Sporosarcina koreensis,Sporosarcina koreensis,476,0,0,0,0,37,122
NA,Pseudomonadota,Gammaproteobacteria,Lysobacterales,Lysobacteraceae,Stenotrophomonas,Stenotrophomonas acidaminiphila,Stenotrophomonas acidaminiphila,477,0,0,0,0,3,0
NA,Pseudomonadota,Gammaproteobacteria,Lysobacterales,Lysobacteraceae,Stenotrophomonas,Stenotrophomonas maltophilia,Stenotrophomonas maltophilia,478,0,0,0,0,0,1
NA,Pseudomonadota,Gammaproteobacteria,Steroidobacterales,Steroidobacteraceae,Steroidobacter,Steroidobacter denitrificans,Steroidobacter denitrificans,479,0,0,0,0,1,0
NA,Bacillota,Clostridia,Lachnospirales,Lachnospiraceae,Stomatobaculum,Stomatobaculum longum,Stomatobaculum longum,480,810,847,598,1941,398,481
NA,Fusobacteriota,Fusobacteriia,Fusobacteriales,Leptotrichiaceae,Streptobacillus,Streptobacillus notomytis,Streptobacillus notomytis,481,0,0,0,0,11,23
NA,Bacillota,Bacilli,Lactobacillales,Streptococcaceae,Streptococcus,Streptococcus cristatus,Streptococcus cristatus,482,0,0,0,0,1,16
NA,Bacillota,Bacilli,Lactobacillales,Streptococcaceae,Streptococcus,Streptococcus equinus,Streptococcus equinus,483,0,0,0,0,0,3
NA,Bacillota,Bacilli,Lactobacillales,Streptococcaceae,Streptococcus,Streptococcus gallolyticus,Streptococcus gallolyticus,484,0,0,0,0,10,30
NA,Bacillota,Bacilli,Lactobacillales,Streptococcaceae,Streptococcus,Streptococcus gordonii,Streptococcus gordonii,485,0,0,0,0,0,5
NA,Bacillota,Bacilli,Lactobacillales,Streptococcaceae,Streptococcus,Streptococcus halotolerans,Streptococcus halotolerans,486,0,0,0,0,2,0
NA,Bacillota,Bacilli,Lactobacillales,Streptococcaceae,Streptococcus,Streptococcus himalayensis,Streptococcus himalayensis,487,0,0,0,0,0,2
NA,Bacillota,Bacilli,Lactobacillales,Streptococcaceae,Streptococcus,Streptococcus massiliensis,Streptococcus massiliensis,488,0,0,0,0,0,1
NA,Bacillota,Bacilli,Lactobacillales,Streptococcaceae,Streptococcus,Streptococcus mitis,Streptococcus mitis,489,0,0,0,0,62,135
NA,Bacillota,Bacilli,Lactobacillales,Streptococcaceae,Streptococcus,Streptococcus orisratti,Streptococcus orisratti,490,0,0,0,0,0,2
NA,Bacillota,Bacilli,Lactobacillales,Streptococcaceae,Streptococcus,Streptococcus parasanguinis,Streptococcus parasanguinis,491,0,0,0,0,4135,16008
NA,Uroviricota,Caudoviricetes,NA,Aliceevansviridae,NA,Streptococcus phage YMC-2011,Streptococcus phage YMC-2011,492,0,0,0,0,8,42
NA,Bacillota,Bacilli,Lactobacillales,Streptococcaceae,Streptococcus,Streptococcus pseudoporcinus,Streptococcus pseudoporcinus,493,0,0,0,0,0,23
NA,Bacillota,Bacilli,Lactobacillales,Streptococcaceae,Streptococcus,Streptococcus salivarius,Streptococcus salivarius,494,0,0,0,0,8052,34215
NA,Bacillota,Bacilli,Lactobacillales,Streptococcaceae,Streptococcus,Streptococcus sanguinis,Streptococcus sanguinis,495,0,0,0,0,6,3
NA,Bacillota,Bacilli,Lactobacillales,Streptococcaceae,Streptococcus,Streptococcus suis,Streptococcus suis,496,0,0,0,0,6,32
NA,Bacillota,Bacilli,Lactobacillales,Streptococcaceae,Streptococcus,Streptococcus thermophilus,Streptococcus thermophilus,497,0,0,0,0,9975,33328
NA,Bacillota,Bacilli,Lactobacillales,Streptococcaceae,Streptococcus,Streptococcus urinalis,Streptococcus urinalis,498,0,0,0,0,5,11
NA,Bacillota,Clostridia,Eubacteriales,Oscillospiraceae,Subdoligranulum,Subdoligranulum variabile,Subdoligranulum variabile,499,248,4046,403,692,116,471
NA,Bacillota,Negativicutes,Acidaminococcales,Acidaminococcaceae,Succiniclasticum,Succiniclasticum ruminis,Succiniclasticum ruminis,500,0,0,0,0,0,1
NA,Bacillota,Negativicutes,Acidaminococcales,Acidaminococcaceae,Succinispira,Succinispira mobilis,Succinispira mobilis,501,0,0,0,0,0,6
NA,Bacillota,Clostridia,Eubacteriales,Syntrophomonadaceae,Syntrophomonas,Syntrophomonas zehnderi,Syntrophomonas zehnderi,502,0,0,0,0,8,8
NA,Pseudomonadota,Betaproteobacteria,Rhodocyclales,Zoogloeaceae,Thauera,Thauera humireducens,Thauera humireducens,503,0,0,0,0,26,102
NA,Bacillota,Erysipelotrichia,Erysipelotrichales,Coprobacillaceae,Thomasclavelia,Thomasclavelia saccharogumia,Thomasclavelia saccharogumia,504,0,0,0,0,26,71
NA,Bacillota,Erysipelotrichia,Erysipelotrichales,Coprobacillaceae,Thomasclavelia,Thomasclavelia spiroformis,Thomasclavelia spiroformis,505,0,0,0,0,4,8
NA,Pseudomonadota,Gammaproteobacteria,Enterobacterales,Enterobacteriaceae,Trabulsiella,Trabulsiella odontotermitis,Trabulsiella odontotermitis,506,0,0,0,0,21,86
NA,Bacillota,Erysipelotrichia,Erysipelotrichales,Erysipelotrichaceae,Traorella,Traorella massiliensis,Traorella massiliensis,507,67,150,65,202,108,134
NA,Uroviricota,Caudoviricetes,NA,NA,Traversvirus,Traversvirus II,Traversvirus II,508,0,0,0,0,1106,1784
NA,Uroviricota,Caudoviricetes,NA,NA,Traversvirus,Traversvirus PA28,Traversvirus PA28,509,0,0,0,0,50,108
NA,Uroviricota,Caudoviricetes,NA,NA,Traversvirus,Traversvirus tv24B,Traversvirus tv24B,510,0,0,0,0,0,1
NA,Uroviricota,Caudoviricetes,NA,NA,Traversvirus,Traversvirus tv86,Traversvirus tv86,511,0,0,0,0,1,4
NA,Uroviricota,Caudoviricetes,NA,NA,Traversvirus,Traversvirus tv933W,Traversvirus tv933W,512,0,0,0,0,9,15
NA,Spirochaetota,Spirochaetia,Spirochaetales,Treponemataceae,Treponema,Treponema putidum,Treponema putidum,513,1,1,6,3,0,1
NA,Spirochaetota,Spirochaetia,Spirochaetales,Treponemataceae,Treponema,Treponema succinifaciens,Treponema succinifaciens,514,4,1,0,1,0,0
NA,Spirochaetota,Spirochaetia,Spirochaetales,Treponemataceae,Treponema,Treponema vincentii,Treponema vincentii,515,43,70,44,109,11,10
NA,Bacillota,Tissierellia,Tissierellales,Peptoniphilaceae,Urinicoccus,Urinicoccus massiliensis,Urinicoccus massiliensis,516,0,0,0,0,16,63
NA,Bacillota,Negativicutes,Veillonellales,Veillonellaceae,Veillonella,Veillonella parvula,Veillonella parvula,517,0,0,0,0,3003,11302
NA,Bacillota,Negativicutes,Veillonellales,Veillonellaceae,Veillonella,Veillonella seminalis,Veillonella seminalis,518,0,1,0,1,0,0
NA,Uroviricota,Caudoviricetes,NA,NA,Wanchaivirus,Wanchaivirus mEp234,Wanchaivirus mEp234,519,0,0,0,0,2,3
NA,Bacillota,Bacilli,Lactobacillales,Lactobacillaceae,Weissella,Weissella jogaejeotgali,Weissella jogaejeotgali,520,0,0,0,0,0,5
NA,Ascomycota,Saccharomycetes,Phaffomycetales,Wickerhamomycetaceae,Wickerhamomyces,Wickerhamomyces ciferrii,Wickerhamomyces ciferrii,521,0,0,0,0,4,8
NA,Pseudomonadota,Gammaproteobacteria,Enterobacterales,Erwiniaceae,Winslowiella,Winslowiella iniecta,Winslowiella iniecta,522,0,0,0,0,0,1
NA,Pseudomonadota,Gammaproteobacteria,Enterobacterales,Erwiniaceae,Winslowiella,Winslowiella toletana,Winslowiella toletana,523,0,0,0,0,0,7
NA,Uroviricota,Caudoviricetes,NA,NA,Wongtaivirus,Wongtaivirus HK542,Wongtaivirus HK542,524,0,0,0,0,1,0
NA,Pseudomonadota,Betaproteobacteria,Burkholderiales,Comamonadaceae,Xenophilus,Xenophilus azovorans,Xenophilus azovorans,525,0,0,0,0,0,1
NA,Pseudomonadota,Gammaproteobacteria,Enterobacterales,Morganellaceae,Xenorhabdus,Xenorhabdus cabanillasii,Xenorhabdus cabanillasii,526,0,0,0,0,265,996
NA,Pseudomonadota,Gammaproteobacteria,Enterobacterales,Morganellaceae,Xenorhabdus,Xenorhabdus nematophila,Xenorhabdus nematophila,527,0,0,0,0,0,3
NA,Uroviricota,Caudoviricetes,NA,Peduoviridae,Xuanwuvirus,Xuanwuvirus P88,Xuanwuvirus P88,528,0,0,0,0,129,227
NA,Bacteroidota,Bacteroidia,Bacteroidales,Prevotellaceae,Xylanibacter,Xylanibacter oryzae,Xylanibacter oryzae,529,0,2,2,0,0,0
NA,Bacteroidota,Bacteroidia,Bacteroidales,Prevotellaceae,Xylanibacter,Xylanibacter ruminicola,Xylanibacter ruminicola,530,0,0,0,0,0,1
NA,Uroviricota,Caudoviricetes,NA,NA,Yautsimvirus,Yautsimvirus HK140,Yautsimvirus HK140,531,0,0,0,0,7,19
NA,Pseudomonadota,Gammaproteobacteria,Enterobacterales,Yersiniaceae,Yersinia,Yersinia pestis,Yersinia pestis,532,0,0,0,0,225,1099
NA,Pseudomonadota,Gammaproteobacteria,Enterobacterales,Enterobacteriaceae,Yokenella,Yokenella regensburgei,Yokenella regensburgei,533,0,0,0,0,14,89
